--[[ by server we roblox https://discord.gg/GcBqKHP9m9    
]]
local _genv=(type(getgenv)=="function" and getgenv())or(type(getfenv)=="function" and getfenv(0))or _G
local _env=setmetatable({print=print,warn=warn,error=error,assert=assert,type=type,typeof=typeof,tostring=tostring,tonumber=tonumber,pcall=pcall,xpcall=xpcall,select=select,unpack=unpack,pairs=pairs,ipairs=ipairs,next=next,rawget=rawget,rawset=rawset,rawequal=rawequal,rawlen=rawlen,setmetatable=setmetatable,getmetatable=getmetatable,string=string,table=table,math=math,bit32=bit32,coroutine=coroutine,os=os,debug=debug,utf8=utf8,buffer=buffer,game=game,workspace=workspace,script=script,Instance=Instance,Vector3=Vector3,Vector2=Vector2,CFrame=CFrame,Color3=Color3,BrickColor=BrickColor,UDim=UDim,UDim2=UDim2,Enum=Enum,Ray=Ray,Region3=Region3,Rect=Rect,TweenInfo=TweenInfo,NumberSequence=NumberSequence,ColorSequence=ColorSequence,NumberRange=NumberRange,Random=Random,DateTime=DateTime,RaycastParams=RaycastParams,OverlapParams=OverlapParams,tick=tick,time=time,wait=wait,task=task,spawn=spawn,delay=delay,require=require,loadstring=loadstring,load=load,getfenv=getfenv,setfenv=setfenv,newproxy=newproxy,_G=_G,shared=shared,settings=settings,stats=stats,UserSettings=UserSettings,version=version},{__index=function(_,k) local ok,v=pcall(function() return _genv[k] end)
if ok then return v end
return nil end})

local function _run(K,code,_env,protos,initLocals,upvalues,varargs)
protos=protos or {}
upvalues=upvalues or {}
varargs=varargs or {}
local varargCount=varargs.n or #varargs
local function resolveK(_idx) return K[_idx] end
local stack={}
local locals={}
local callBases={}
local stackTop=0
local localBoxes={}
local ip=1
local callBaseTop=0
local _doReturn=false
local _retFromStack=false
local _retBase=0
local _retTop=0
local _retN=0
local _retPack=nil
local ctxBit=0
if initLocals then for _k=0,(initLocals.n or 0)-1 do locals[_k]=initLocals[_k] end end
local function push(v) stackTop=stackTop+1
stack[stackTop]=v end
local function pop() local v=stack[stackTop]
stack[stackTop]=nil
stackTop=stackTop-1
return v end
local function top() return stack[stackTop] end
local function getLocal(slot) local box=localBoxes[slot]
if box then return box[1] end
return locals[slot] end
local function setLocal(slot,val) local box=localBoxes[slot]
if box then box[1]=val else locals[slot]=val end end
local function boxLocal(slot) if not localBoxes[slot] then localBoxes[slot]={locals[slot]} end
return localBoxes[slot] end
local function getMM(obj,name) local ok,mt=pcall(getmetatable,obj)
if ok and mt and type(mt)=="table" then return rawget(mt,name) end
return nil end
local function arithMM(a,b,op,name) if type(a)=="number" and type(b)=="number" then return op(a,b) end
local ok,r=pcall(op,a,b)
if ok then return r end
local mm=getMM(a,name) or getMM(b,name)
if mm then return mm(a,b) end
return op(a,b) end
local handlers={}
handlers[0]=function() end
handlers[1]=function() push(nil) end
handlers[2]=function() push(true) end
handlers[3]=function() push(false) end
handlers[4]=function() push(resolveK(code[ip]+1))
ip=ip+1 end
handlers[5]=function() push(getLocal(code[ip]))
ip=ip+1 end
handlers[6]=function() setLocal(code[ip],pop())
ip=ip+1 end
handlers[7]=function() push(_env[resolveK(code[ip]+1)])
ip=ip+1 end
handlers[8]=function() _env[resolveK(code[ip]+1)]=pop()
ip=ip+1 end
handlers[9]=function() local b,a=pop(),pop()
push(arithMM(a,b,function(x,y) return x+y end,"__add")) end
handlers[10]=function() local b,a=pop(),pop()
push(arithMM(a,b,function(x,y) return x-y end,"__sub")) end
handlers[11]=function() local b,a=pop(),pop()
push(arithMM(a,b,function(x,y) return x*y end,"__mul")) end
handlers[12]=function() local b,a=pop(),pop()
push(arithMM(a,b,function(x,y) return x/y end,"__div")) end
handlers[13]=function() local b,a=pop(),pop()
push(arithMM(a,b,function(x,y) return x%y end,"__mod")) end
handlers[14]=function() local b,a=pop(),pop()
push(arithMM(a,b,function(x,y) return x^y end,"__pow")) end
handlers[15]=function() local b,a=pop(),pop()
local ok,r=pcall(function() return a..b end)
if ok then push(r) else push(tostring(a)..tostring(b)) end end
handlers[16]=function() local b,a=pop(),pop()
push(a==b) end
handlers[17]=function() local b,a=pop(),pop()
push(a~=b) end
handlers[18]=function() local b,a=pop(),pop()
push(a<b) end
handlers[19]=function() local b,a=pop(),pop()
push(a<=b) end
handlers[20]=function() local b,a=pop(),pop()
push(a>b) end
handlers[21]=function() local b,a=pop(),pop()
push(a>=b) end
handlers[22]=function() local b,a=pop(),pop()
push(a and b) end
handlers[23]=function() local b,a=pop(),pop()
push(a or b) end
handlers[24]=function() push(not pop()) end
handlers[25]=function() push(-pop()) end
handlers[26]=function() push(#pop()) end
handlers[27]=function() push({}) end
handlers[28]=function() local k,t=pop(),pop()
push(t[k]) end
handlers[29]=function() local v,k,t=pop(),pop(),pop()
t[k]=v end
handlers[30]=function() local n=code[ip]
ip=ip+1
local args={}
for i=1,n do args[n-i+1]=pop() end
local f=pop()
if type(f)~="function" then local mm=getMM(f,"__call")
if mm then table.insert(args,1,f)
n=n+1
f=mm else error("attempt to call a "..type(f).." value") end end
local r
if n==0 then r={f()} else r={f(table.unpack(args,1,n))} end
push(r[1]) end
handlers[31]=function() local n=code[ip]
ip=ip+1
_doReturn=true
if n==0 then _retN=0 elseif n>0 then if n>stackTop then n=stackTop end
_retN=n
_retFromStack=true
_retTop=stackTop
_retBase=stackTop-n else _retN=stackTop
_retFromStack=true
_retTop=stackTop
_retBase=0 end end
handlers[32]=function() ip=code[ip]+1 end
handlers[33]=function() local target=code[ip]
ip=ip+1
if not pop() then ip=target+1 end end
handlers[34]=function() local n=code[ip]
ip=ip+1
for _=1,n do pop() end end
handlers[35]=function() local pi=code[ip]
ip=ip+1
local P=protos[pi]
if P then
local _r,Kp,Cp=_run,P.K or K,P.C or {}
local nU={}
if P.U then for ui,ud in ipairs(P.U) do local iL,idx=ud[1],ud[2]
if iL==1 then nU[ui]=boxLocal(idx) else nU[ui]=upvalues[idx+1] end end end
local nP=P.nParams or 0
push(function(...)
local a={...}
local ac=select("#",...)
local L={}
L.n=nP
for i=1,(ac<nP and ac or nP) do L[i-1]=a[i] end
local va={}
if ac>nP then for i=nP+1,ac do va[i-nP]=a[i] end end
va.n=ac-nP
return _r(Kp,Cp,_env,P.P or {},L,nU,va)
end)
else push(nil) end end
handlers[36]=function() push(top()) end
handlers[37]=function() local ui=code[ip]
ip=ip+1
local box=upvalues[ui+1]
push(box and box[1] or nil) end
handlers[38]=function() local ui=code[ip]
ip=ip+1
local box=upvalues[ui+1]
if box then box[1]=pop() else pop() end end
handlers[39]=function() local na=code[ip]
ip=ip+1
local nr=code[ip]
ip=ip+1
local args={}
for i=1,na do args[na-i+1]=pop() end
local f=pop()
if type(f)~="function" then local mm=getMM(f,"__call")
if mm then table.insert(args,1,f)
na=na+1
f=mm else error("attempt to call a "..type(f).." value") end end
local r
if na==0 then r=table.pack(f()) else r=table.pack(f(table.unpack(args,1,na))) end
local rn=nr<0 and r.n or nr
for i=1,rn do push(r[i]) end end
handlers[40]=function() local n=code[ip]
ip=ip+1
if n<0 then for i=1,varargCount do push(varargs[i]) end else for i=1,n do push(varargs[i]) end end end
handlers[41]=function() local n=code[ip]
ip=ip+1
local args={}
for j=n,1,-1 do args[j]=pop() end
local f=pop()
if type(f)~="function" then local mm=getMM(f,"__call")
if mm then table.insert(args,1,f)
n=n+1
f=mm end end
_doReturn=true
_retPack=table.pack(f(table.unpack(args,1,n))) end
handlers[42]=function() local off=code[ip]
ip=ip+1
local step=pop()
local limit=pop()
local init=pop()
push(init)
push(limit)
push(step)
if step>=0 then if init>limit then ip=off+1 end else if init<limit then ip=off+1 end end end
handlers[43]=function() local off=code[ip]
ip=ip+1
local step=stack[stackTop]
local i=stack[stackTop-2]+step
stack[stackTop-2]=i
local limit=stack[stackTop-1]
if step>=0 then if i<=limit then ip=off+1 end else if i>=limit then ip=off+1 end end end
handlers[44]=function() local n=code[ip]
ip=ip+1
local parts={}
for i=1,n do parts[n-i+1]=tostring(pop()) end
push(table.concat(parts)) end
handlers[45]=function() local n=code[ip]
ip=ip+1
for _=1,n do push(nil) end end
handlers[46]=function() callBaseTop=callBaseTop+1
callBases[callBaseTop]=stackTop end
handlers[47]=function() local nr=code[ip]
ip=ip+1
local base=callBases[callBaseTop]
callBaseTop=callBaseTop-1
local f=stack[base+1]
local na=stackTop-base-1
local args={}
for i=1,na do args[i]=stack[base+1+i] end
stackTop=base
if type(f)~="function" then local mm=getMM(f,"__call")
if mm then table.insert(args,1,f)
na=na+1
f=mm else error("attempt to call a "..type(f).." value") end end
local r
if na==0 then r=table.pack(f()) else r=table.pack(f(table.unpack(args,1,na))) end
local rn=nr<0 and r.n or nr
for i=1,rn do push(r[i]) end end
handlers[48]=function() local b,a=pop(),pop()
push(arithMM(a,b,function(x,y) return math.floor(x/y) end,"__idiv")) end
handlers[49]=function() local slot=code[ip]
ip=ip+1
local box=localBoxes[slot]
if box then locals[slot]=box[1]
localBoxes[slot]=nil end end
handlers[50]=function() local startIdx=code[ip]
ip=ip+1
local base=callBases[callBaseTop]
callBaseTop=callBaseTop-1
local tbl=stack[base]
local idx=startIdx
for i=base+1,stackTop do tbl[idx]=stack[i]
idx=idx+1 end
stackTop=base
stack[stackTop]=tbl end
handlers[51]=function() local a=stack[stackTop]
stack[stackTop]=stack[stackTop-1]
stack[stackTop-1]=a end
handlers[52]=function() local nameIdx=code[ip]
ip=ip+1
local methodName=resolveK(nameIdx+1)
local obj=pop()
local method=obj[methodName]
push(obj)
push(method)
local b,a=pop(),pop()
push(b)
push(a) end
handlers[53]=function() local nVars=code[ip]
ip=ip+1
local target=code[ip]
ip=ip+1
local iter=stack[stackTop-2]
local state=stack[stackTop-1]
local ctl=stack[stackTop]
local r={iter(state,ctl)}
for i=1,nVars do push(r[i]) end
if r[1]~=nil then stack[stackTop-nVars]= r[1] else ip=target+1 end end
handlers[54]=function() local n=code[ip]
ip=ip+1
local args={}
for i=1,n do args[n-i+1]=pop() end
local f=pop()
local results
if n==0 then results=table.pack(pcall(f)) else results=table.pack(pcall(f,table.unpack(args,1,n))) end
local ok=results[1]
push(ok)
if ok then for i=2,results.n do push(results[i]) end else push(results[2]) end end
handlers[55]=function() local n=code[ip]
ip=ip+1
local args={}
for i=1,n do args[n-i+1]=pop() end
local handler=pop()
local f=pop()
local results
if n==0 then results=table.pack(xpcall(f,handler)) else results=table.pack(xpcall(f,handler,table.unpack(args,1,n))) end
local ok=results[1]
push(ok)
for i=2,results.n do push(results[i]) end end
handlers[56]=function() local iS=code[ip]
ip=ip+1
local sS=code[ip]
ip=ip+1
local vS=code[ip]
ip=ip+1
local it=getLocal(iS)
if type(it)=="table" then local ok2,mt=pcall(getmetatable,it)
if ok2 and type(mt)=="table" and mt.__iter then local fn=mt.__iter(it)
setLocal(iS,fn) elseif ok2 and type(mt)=="table" and mt.__call then else setLocal(iS,next)
setLocal(sS,it)
setLocal(vS,nil) end end end
handlers[57]=function() local a=code[ip]
ip=ip+1
local b=code[ip]
ip=ip+1
local c=code[ip]
ip=ip+1
setLocal(c,getLocal(a)+getLocal(b)) end
handlers[58]=function() local a=code[ip]
ip=ip+1
local b=code[ip]
ip=ip+1
local c=code[ip]
ip=ip+1
setLocal(c,getLocal(a)-getLocal(b)) end
handlers[59]=function() local a=code[ip]
ip=ip+1
local b=code[ip]
ip=ip+1
local c=code[ip]
ip=ip+1
setLocal(c,getLocal(a)*getLocal(b)) end
handlers[60]=function() local k=code[ip]
ip=ip+1
local s=code[ip]
ip=ip+1
setLocal(s,resolveK(k+1)) end
handlers[61]=function() local a=code[ip]
ip=ip+1
local b=code[ip]
ip=ip+1
setLocal(b,getLocal(a)) end
handlers[62]=function() local a=code[ip]
ip=ip+1
local k=code[ip]
ip=ip+1
local c=code[ip]
ip=ip+1
setLocal(c,getLocal(a)+resolveK(k+1)) end
handlers[63]=function() local a=code[ip]
ip=ip+1
local b=code[ip]
ip=ip+1
local c=code[ip]
ip=ip+1
setLocal(c,getLocal(a)..getLocal(b)) end
handlers[64]=function() local _=stackTop end
handlers[65]=function() local _a=code[ip]
ip=ip+1
local _=stack[_a] or 0 end
handlers[66]=function() local _a=code[ip]
ip=ip+1
local _b=code[ip]
ip=ip+1
local _=bit32.bxor(_a,_b) end
handlers[67]=function() local _a=code[ip]
ip=ip+1
if ctxBit==0 then push(getLocal(_a)) else push(resolveK(_a+1)) end end
while true do
if _doReturn or ip>#code then break end
local op=code[ip]
ip=ip+1
local h=handlers[op]
if h then h() end
end
if _doReturn then
if _retPack then return table.unpack(_retPack,1,_retPack.n or #_retPack) end
if _retFromStack then
if _retN==0 then return end
return table.unpack(stack,_retBase+1,_retTop)
end
return
end
return nil
end
local _Ol03={27,6,0,35,1,6,1,46,7,0,36,4,1,28,51,5,1,27,36,4,2,4,3,29,36,4,4,4,5,29,36,4,6,4,7,29,36,4,8,4,9,29,36,4,10,4,11,29,36,4,12,4,13,29,36,4,14,4,15,29,4,16,39,2,-1,47,1,6,2,46,7,0,36,4,1,28,51,5,1,27,36,4,2,4,17,29,36,4,4,4,18,29,36,4,6,4,13,29,36,4,8,4,11,29,36,4,10,4,19,29,36,4,12,4,20,29,36,4,14,4,21,29,4,16,39,2,-1,47,1,6,3,5,2,4,22,28,6,4,5,4,4,23,28,36,24,33,161,34,1,5,4,4,24,28,36,4,25,28,51,30,1,6,5,46,5,5,36,4,26,28,51,5,1,27,36,4,2,4,27,29,36,4,4,4,20,29,36,4,6,4,28,29,36,4,8,4,7,29,36,4,10,4,29,29,36,4,12,4,18,29,36,4,14,4,21,29,36,4,30,4,31,29,4,16,39,2,-1,47,1,6,6,46,5,5,36,4,26,28,51,5,1,27,36,4,2,4,27,29,36,4,4,4,20,29,36,4,6,4,28,29,36,4,8,4,7,29,36,4,10,4,29,29,36,4,12,4,18,29,36,4,14,4,21,29,36,4,30,4,31,29,36,4,32,4,30,29,36,4,3,4,18,29,36,4,33,4,18,29,36,4,34,4,35,29,36,4,36,4,3,29,36,4,37,4,7,29,36,4,38,4,13,29,36,4,39,4,35,29,4,16,39,2,-1,47,1,6,7,27,36,4,40,7,41,4,42,28,4,43,4,44,4,45,30,3,29,36,4,46,27,36,4,2,7,41,4,42,28,4,47,25,4,48,4,49,30,3,29,36,4,4,7,41,4,42,28,4,50,4,51,4,52,25,30,3,29,46,7,41,4,42,28,4,53,4,48,4,54,39,3,-1,50,3,29,6,8,27,36,4,55,3,29,36,4,56,4,57,29,36,4,58,4,2,29,6,9,5,1,27,36,4,2,4,59,29,36,4,4,4,60,29,4,16,30,2,6,10,5,1,27,36,4,2,4,61,29,36,4,4,4,35,29,36,4,6,4,35,29,36,4,8,4,62,29,36,4,10,4,15,29,36,4,12,4,63,29,36,4,14,4,64,29,36,4,30,4,64,29,36,4,32,4,31,29,36,4,3,4,21,29,36,4,33,4,15,29,36,4,34,4,65,29,36,4,36,4,18,29,36,4,37,4,13,29,36,4,38,4,31,29,36,4,39,4,66,29,36,4,67,4,68,29,36,4,27,4,68,29,36,4,69,4,64,29,36,4,70,4,71,29,36,4,72,4,71,29,36,4,73,4,30,29,36,4,74,4,67,29,36,4,75,4,76,29,36,4,17,4,77,29,36,4,78,4,79,29,36,4,71,4,30,29,36,4,80,4,36,29,36,4,19,4,80,29,4,16,30,2,6,11,5,1,27,36,4,2,4,81,29,36,4,4,4,82,29,36,4,6,4,66,29,36,4,8,4,60,29,4,16,30,2,6,12,5,1,27,36,4,2,4,3,29,36,4,4,4,38,29,36,4,6,4,37,29,36,4,8,4,10,29,36,4,10,4,6,29,36,4,12,4,72,29,36,4,14,4,38,29,36,4,30,4,30,29,36,4,32,4,10,29,36,4,3,4,75,29,36,4,33,4,73,29,36,4,34,4,72,29,36,4,36,4,75,29,36,4,37,4,10,29,36,4,38,4,69,29,36,4,39,4,83,29,36,4,67,4,10,29,36,4,27,4,27,29,36,4,69,4,84,29,36,4,70,4,30,29,36,4,72,4,84,29,4,16,30,2,6,13,5,1,27,36,4,2,4,61,29,36,4,4,4,35,29,36,4,6,4,35,29,36,4,8,4,62,29,36,4,10,4,15,29,36,4,12,4,63,29,36,4,14,4,64,29,36,4,30,4,64,29,36,4,32,4,85,29,36,4,3,4,15,29,36,4,33,4,18,29,36,4,34,4,29,29,36,4,36,4,86,29,36,4,37,4,5,29,36,4,38,4,18,29,36,4,39,4,86,29,36,4,67,4,66,29,36,4,27,4,65,29,36,4,69,4,18,29,36,4,70,4,28,29,36,4,72,4,64,29,36,4,73,4,7,29,36,4,74,4,62,29,36,4,75,4,21,29,36,4,17,4,64,29,36,4,78,4,85,29,36,4,71,4,15,29,36,4,80,4,18,29,36,4,19,4,29,29,36,4,83,4,75,29,36,4,84,4,5,29,36,4,87,4,18,29,36,4,88,4,86,29,36,4,76,4,64,29,4,16,30,2,5,13,15,6,14,4,89,6,15,46,7,90,4,42,28,5,1,27,36,4,2,4,32,29,36,4,4,4,65,29,36,4,6,4,13,29,36,4,8,4,11,29,36,4,10,4,11,29,36,4,12,4,29,29,36,4,14,4,19,29,36,4,30,4,20,29,36,4,32,4,21,29,4,16,39,2,-1,47,1,6,16,5,16,4,91,5,1,27,36,4,2,4,79,29,36,4,4,4,11,29,36,4,6,4,61,29,36,4,8,4,20,29,36,4,10,4,86,29,36,4,12,4,10,29,4,16,30,2,7,92,30,0,15,29,5,16,4,93,3,29,5,16,4,94,2,29,5,16,4,95,7,96,4,95,28,4,97,28,29,5,16,4,98,4,99,29,4,38,4,38,11,4,100,16,36,33,1209,34,1,7,101,33,1222,5,16,4,102,7,101,30,0,29,32,1346,4,103,4,14,13,4,4,16,36,33,1247,34,1,7,104,36,33,1247,34,1,7,104,4,105,28,33,1269,7,104,4,105,28,5,16,30,1,34,1,5,16,4,102,5,3,29,32,1346,5,16,4,102,46,5,4,36,4,26,28,51,5,1,27,36,4,2,4,3,29,36,4,4,4,5,29,36,4,6,4,7,29,36,4,8,4,9,29,36,4,10,4,11,29,36,4,12,4,13,29,36,4,14,4,19,29,36,4,30,4,20,29,36,4,32,4,21,29,4,16,39,2,-1,47,1,29,46,7,0,36,4,1,28,51,5,1,27,36,4,2,4,37,29,36,4,4,4,79,29,36,4,6,4,11,29,36,4,8,4,11,29,36,4,10,4,29,29,36,4,12,4,32,29,36,4,14,4,11,29,36,4,30,4,13,29,36,4,32,4,81,29,36,4,3,4,21,29,36,4,33,4,65,29,36,4,34,4,11,29,4,16,39,2,-1,47,1,6,17,7,106,4,107,28,4,30,4,10,4,38,30,3,6,18,7,106,4,107,28,4,27,4,3,4,87,30,3,6,19,7,106,4,107,28,4,34,4,14,4,73,30,3,6,20,7,106,4,107,28,4,108,4,109,4,110,30,3,6,21,7,106,4,107,28,4,103,4,79,4,111,30,3,6,22,7,106,4,107,28,4,111,4,112,4,110,30,3,6,23,7,106,4,107,28,4,113,4,114,4,115,30,3,6,24,7,106,4,107,28,4,116,4,117,4,118,30,3,6,25,7,106,4,107,28,4,119,4,110,4,89,30,3,6,26,7,106,4,107,28,4,110,4,109,4,120,30,3,6,27,35,2,6,28,46,7,90,4,42,28,5,1,27,36,4,2,4,80,29,36,4,4,4,13,29,36,4,6,4,7,29,36,4,8,4,28,29,36,4,10,4,11,29,4,16,39,2,-1,47,1,6,29,5,29,4,121,7,122,4,42,28,4,123,4,124,4,123,4,125,30,4,29,5,29,4,126,7,122,4,42,28,4,127,4,128,25,4,127,4,129,25,30,4,29,5,29,4,130,5,18,29,5,29,4,131,4,123,29,5,29,4,132,2,29,5,29,4,133,2,29,5,29,4,102,5,16,29,46,7,90,4,42,28,5,1,27,36,4,2,4,38,29,36,4,4,4,69,29,36,4,6,4,17,29,36,4,8,4,18,29,36,4,10,4,13,29,36,4,12,4,29,29,36,4,14,4,11,29,36,4,30,4,13,29,4,16,39,2,-1,47,1,6,30,5,30,4,134,7,135,4,42,28,4,123,4,39,30,2,29,5,30,4,102,5,29,29,46,7,90,4,42,28,5,1,27,36,4,2,4,38,29,36,4,4,4,69,29,36,4,6,4,19,29,36,4,8,4,13,29,36,4,10,4,7,29,36,4,12,4,31,29,36,4,14,4,21,29,36,4,30,4,11,29,36,4,32,4,29,29,36,4,3,4,35,29,4,16,39,2,-1,47,1,6,31,5,31,4,136,7,137,4,42,28,27,36,4,2,7,138,4,42,28,4,123,5,18,30,2,29,36,4,4,7,138,4,42,28,4,127,5,19,30,2,29,46,7,138,4,42,28,4,2,5,18,39,2,-1,50,3,30,1,29,5,31,4,139,4,140,29,5,31,4,102,5,29,29,46,7,90,4,42,28,5,1,27,36,4,2,4,38,29,36,4,4,4,69,29,36,4,6,4,32,29,36,4,8,4,35,29,36,4,10,4,13,29,36,4,12,4,18,29,36,4,14,4,141,29,36,4,30,4,11,29,4,16,39,2,-1,47,1,6,32,5,32,4,136,5,21,29,5,32,4,142,4,4,29,5,32,4,143,4,144,29,5,32,4,145,7,96,4,145,28,4,146,28,29,5,32,4,102,5,29,29,46,7,90,4,42,28,5,1,27,36,4,2,4,37,29,36,4,4,4,11,29,36,4,6,4,76,29,36,4,8,4,35,29,36,4,10,4,73,29,36,4,12,4,7,29,36,4,14,4,86,29,36,4,30,4,11,29,36,4,32,4,5,29,4,16,39,2,-1,47,1,6,33,5,33,4,121,7,122,4,42,28,4,2,4,123,4,123,4,81,30,4,29,5,33,4,126,7,122,4,42,28,4,123,4,123,4,123,4,27,30,4,29,5,33,4,147,4,2,29,5,33,4,148,5,1,27,36,4,2,4,79,29,36,4,4,4,11,29,36,4,6,4,149,29,36,4,8,4,61,29,36,4,10,4,20,29,36,4,12,4,86,29,4,16,30,2,29,5,33,4,150,5,24,29,5,33,4,151,4,83,29,5,33,4,152,7,96,4,152,28,4,153,28,29,5,33,4,102,5,29,29,46,7,90,4,42,28,5,1,27,36,4,2,4,38,29,36,4,4,4,69,29,36,4,6,4,19,29,36,4,8,4,13,29,36,4,10,4,7,29,36,4,12,4,31,29,36,4,14,4,21,29,36,4,30,4,11,29,36,4,32,4,29,29,36,4,3,4,35,29,4,16,39,2,-1,47,1,6,34,5,34,4,136,7,137,4,42,28,27,36,4,2,46,7,138,4,42,28,4,123,7,106,4,107,28,4,154,4,116,4,110,39,3,-1,47,1,29,36,4,4,46,7,138,4,42,28,4,127,7,106,4,107,28,4,155,4,113,4,110,39,3,-1,47,1,29,46,46,7,138,4,42,28,4,2,7,106,4,107,28,4,108,4,109,4,155,39,3,-1,47,-1,50,3,30,1,29,5,34,4,102,5,33,29,46,7,90,4,42,28,5,1,27,36,4,2,4,37,29,36,4,4,4,11,29,36,4,6,4,76,29,36,4,8,4,35,29,36,4,10,4,73,29,36,4,12,4,7,29,36,4,14,4,86,29,36,4,30,4,11,29,36,4,32,4,5,29,4,16,39,2,-1,47,1,6,35,5,35,4,121,7,122,4,42,28,4,2,4,123,4,123,4,37,30,4,29,5,35,4,126,7,122,4,42,28,4,123,4,123,4,123,4,31,30,4,29,5,35,4,147,4,2,29,5,35,4,148,5,12,5,1,27,36,4,2,4,149,29,36,4,4,4,156,29,36,4,6,4,149,29,36,4,8,4,157,29,36,4,10,4,158,29,36,4,12,4,159,29,36,4,14,4,160,29,36,4,30,4,161,29,36,4,32,4,149,29,36,4,3,4,162,29,36,4,33,4,161,29,36,4,34,4,163,29,36,4,36,4,164,29,36,4,37,4,165,29,36,4,38,4,161,29,4,16,30,2,15,29,5,35,4,150,5,25,29,5,35,4,151,4,33,29,5,35,4,152,7,96,4,152,28,4,166,28,29,5,35,4,102,5,29,29,46,7,90,4,42,28,5,1,27,36,4,2,4,80,29,36,4,4,4,13,29,36,4,6,4,7,29,36,4,8,4,28,29,36,4,10,4,11,29,4,16,39,2,-1,47,1,6,36,5,36,4,121,7,122,4,42,28,4,167,4,123,4,123,4,2,30,4,29,5,36,4,126,7,122,4,42,28,4,168,4,123,4,123,4,169,30,4,29,5,36,4,130,5,21,29,5,36,4,147,4,170,29,5,36,4,131,4,123,29,5,36,4,102,5,29,29,46,7,90,4,42,28,5,1,27,36,4,2,4,37,29,36,4,4,4,11,29,36,4,6,4,76,29,36,4,8,4,35,29,36,4,10,4,75,29,36,4,12,4,18,29,36,4,14,4,76,29,4,16,39,2,-1,47,1,6,37,5,37,4,121,7,122,4,42,28,4,167,4,123,4,123,4,35,30,4,29,5,37,4,126,7,122,4,42,28,4,168,4,123,4,123,4,171,30,4,29,5,37,4,130,5,20,29,5,37,4,131,4,123,29,5,37,4,148,4,172,29,5,37,4,173,5,1,27,36,4,2,4,174,29,36,4,4,4,175,29,36,4,6,4,149,29,36,4,8,4,162,29,36,4,10,4,161,29,36,4,12,4,176,29,36,4,14,4,177,29,36,4,30,4,157,29,36,4,32,4,162,29,36,4,3,4,174,29,36,4,33,4,149,29,36,4,34,4,178,29,36,4,36,4,179,29,36,4,37,4,162,29,36,4,38,4,149,29,36,4,39,4,160,29,36,4,67,4,162,29,36,4,27,4,161,29,36,4,69,4,180,29,36,4,70,4,162,29,36,4,72,4,161,29,36,4,73,4,160,29,4,16,30,2,29,5,37,4,150,7,106,4,107,28,4,181,4,182,4,110,30,3,29,5,37,4,183,7,106,4,107,28,4,16,4,109,4,119,30,3,29,5,37,4,151,4,37,29,5,37,4,152,7,96,4,152,28,4,166,28,29,5,37,4,184,3,29,5,37,4,102,5,29,29,46,7,90,4,42,28,5,1,27,36,4,2,4,38,29,36,4,4,4,69,29,36,4,6,4,17,29,36,4,8,4,18,29,36,4,10,4,13,29,36,4,12,4,29,29,36,4,14,4,11,29,36,4,30,4,13,29,4,16,39,2,-1,47,1,6,38,5,38,4,134,7,135,4,42,28,4,123,4,3,30,2,29,5,38,4,102,5,37,29,46,7,90,4,42,28,5,1,27,36,4,2,4,38,29,36,4,4,4,69,29,36,4,6,4,32,29,36,4,8,4,35,29,36,4,10,4,13,29,36,4,12,4,18,29,36,4,14,4,141,29,36,4,30,4,11,29,4,16,39,2,-1,47,1,6,39,5,39,4,136,5,21,29,5,39,4,142,4,2,29,5,39,4,143,4,185,29,5,39,4,102,5,37,29,46,5,28,5,29,7,122,4,42,28,4,167,4,123,4,123,4,35,30,4,7,122,4,42,28,4,168,4,123,4,123,4,186,30,4,5,1,27,36,4,2,4,160,29,36,4,4,4,161,29,36,4,6,4,162,29,36,4,8,4,149,29,36,4,10,4,177,29,36,4,12,4,187,29,36,4,14,4,188,29,36,4,30,4,161,29,4,16,30,2,7,106,4,107,28,4,116,4,189,4,181,30,3,7,106,4,107,28,4,154,4,103,4,110,30,3,7,106,4,107,28,4,181,4,89,4,110,39,3,-1,47,1,6,40,46,7,90,4,42,28,5,1,27,36,4,2,4,37,29,36,4,4,4,11,29,36,4,6,4,76,29,36,4,8,4,35,29,36,4,10,4,73,29,36,4,12,4,7,29,36,4,14,4,86,29,36,4,30,4,11,29,36,4,32,4,5,29,4,16,39,2,-1,47,1,6,41,5,41,4,121,7,122,4,42,28,4,2,4,123,4,123,4,27,30,4,29,5,41,4,126,7,122,4,42,28,4,123,4,123,4,123,4,190,30,4,29,5,41,4,147,4,2,29,5,41,4,148,4,172,29,5,41,4,150,5,27,29,5,41,4,151,4,34,29,5,41,4,152,7,96,4,152,28,4,191,28,29,5,41,4,102,5,29,29,46,7,90,4,42,28,5,1,27,36,4,2,4,37,29,36,4,4,4,11,29,36,4,6,4,76,29,36,4,8,4,35,29,36,4,10,4,75,29,36,4,12,4,20,29,36,4,14,4,35,29,36,4,30,4,35,29,36,4,32,4,18,29,36,4,3,4,29,29,4,16,39,2,-1,47,1,6,42,5,42,4,121,7,122,4,42,28,4,167,4,123,4,123,4,83,30,4,29,5,42,4,126,7,122,4,42,28,4,168,4,123,4,123,4,192,30,4,29,5,42,4,130,5,20,29,5,42,4,131,4,123,29,5,42,4,148,5,1,27,36,4,2,4,158,29,36,4,4,4,160,29,36,4,6,4,193,29,36,4,8,4,177,29,36,4,10,4,193,29,36,4,12,4,179,29,36,4,14,4,162,29,36,4,30,4,149,29,36,4,32,4,194,29,36,4,3,4,162,29,36,4,33,4,161,29,36,4,34,4,163,29,36,4,36,4,158,29,36,4,37,4,195,29,36,4,38,4,165,29,36,4,39,4,193,29,36,4,67,4,163,29,4,16,30,2,29,5,42,4,150,5,24,29,5,42,4,151,4,34,29,5,42,4,152,7,96,4,152,28,4,191,28,29,5,42,4,102,5,29,29,46,7,90,4,42,28,5,1,27,36,4,2,4,38,29,36,4,4,4,69,29,36,4,6,4,17,29,36,4,8,4,18,29,36,4,10,4,13,29,36,4,12,4,29,29,36,4,14,4,11,29,36,4,30,4,13,29,4,16,39,2,-1,47,1,6,43,5,43,4,134,7,135,4,42,28,4,123,4,30,30,2,29,5,43,4,102,5,42,29,46,7,90,4,42,28,5,1,27,36,4,2,4,38,29,36,4,4,4,69,29,36,4,6,4,32,29,36,4,8,4,35,29,36,4,10,4,13,29,36,4,12,4,18,29,36,4,14,4,141,29,36,4,30,4,11,29,4,16,39,2,-1,47,1,6,44,5,44,4,136,7,106,4,107,28,4,196,4,197,4,198,30,3,29,5,44,4,142,4,2,29,5,44,4,143,4,199,29,5,44,4,102,5,42,29,46,7,90,4,42,28,5,1,27,36,4,2,4,80,29,36,4,4,4,13,29,36,4,6,4,7,29,36,4,8,4,28,29,36,4,10,4,11,29,4,16,39,2,-1,47,1,6,45,5,45,4,121,7,122,4,42,28,4,123,4,200,4,123,4,201,30,4,29,5,45,4,126,7,122,4,42,28,4,202,4,123,4,199,4,123,30,4,29,5,45,4,130,5,18,29,5,45,4,131,4,123,29,5,45,4,132,2,29,5,45,4,133,2,29,5,45,4,203,3,29,5,45,4,102,5,16,29,46,7,90,4,42,28,5,1,27,36,4,2,4,38,29,36,4,4,4,69,29,36,4,6,4,17,29,36,4,8,4,18,29,36,4,10,4,13,29,36,4,12,4,29,29,36,4,14,4,11,29,36,4,30,4,13,29,4,16,39,2,-1,47,1,6,46,5,46,4,134,7,135,4,42,28,4,123,4,39,30,2,29,5,46,4,102,5,45,29,46,7,90,4,42,28,5,1,27,36,4,2,4,38,29,36,4,4,4,69,29,36,4,6,4,19,29,36,4,8,4,13,29,36,4,10,4,7,29,36,4,12,4,31,29,36,4,14,4,21,29,36,4,30,4,11,29,36,4,32,4,29,29,36,4,3,4,35,29,4,16,39,2,-1,47,1,6,47,5,47,4,136,7,137,4,42,28,27,36,4,2,7,138,4,42,28,4,123,5,18,30,2,29,36,4,4,7,138,4,42,28,4,127,5,19,30,2,29,46,7,138,4,42,28,4,2,5,18,39,2,-1,50,3,30,1,29,5,47,4,139,4,140,29,5,47,4,102,5,45,29,46,7,90,4,42,28,5,1,27,36,4,2,4,38,29,36,4,4,4,69,29,36,4,6,4,32,29,36,4,8,4,35,29,36,4,10,4,13,29,36,4,12,4,18,29,36,4,14,4,141,29,36,4,30,4,11,29,4,16,39,2,-1,47,1,6,48,5,48,4,136,5,21,29,5,48,4,142,4,4,29,5,48,4,143,4,144,29,5,48,4,145,7,96,4,145,28,4,146,28,29,5,48,4,102,5,45,29,46,7,90,4,42,28,5,1,27,36,4,2,4,37,29,36,4,4,4,11,29,36,4,6,4,76,29,36,4,8,4,35,29,36,4,10,4,73,29,36,4,12,4,7,29,36,4,14,4,86,29,36,4,30,4,11,29,36,4,32,4,5,29,4,16,39,2,-1,47,1,6,49,5,49,4,121,7,122,4,42,28,4,2,4,13,25,4,123,4,13,30,4,29,5,49,4,126,7,122,4,42,28,4,123,4,27,4,123,4,37,30,4,29,5,49,4,147,4,2,29,5,49,4,148,5,1,27,36,4,2,4,79,29,36,4,4,4,11,29,36,4,6,4,149,29,36,4,8,4,61,29,36,4,10,4,20,29,36,4,12,4,86,29,4,16,30,2,29,5,49,4,150,5,24,29,5,49,4,151,4,78,29,5,49,4,152,7,96,4,152,28,4,153,28,29,5,49,4,204,7,96,4,204,28,4,205,28,29,5,49,4,102,5,45,29,46,7,90,4,42,28,5,1,27,36,4,2,4,38,29,36,4,4,4,69,29,36,4,6,4,19,29,36,4,8,4,13,29,36,4,10,4,7,29,36,4,12,4,31,29,36,4,14,4,21,29,36,4,30,4,11,29,36,4,32,4,29,29,36,4,3,4,35,29,4,16,39,2,-1,47,1,6,50,5,50,4,136,7,137,4,42,28,27,36,4,2,46,7,138,4,42,28,4,123,7,106,4,107,28,4,154,4,116,4,110,39,3,-1,47,1,29,36,4,4,46,7,138,4,42,28,4,127,7,106,4,107,28,4,155,4,113,4,110,39,3,-1,47,1,29,46,46,7,138,4,42,28,4,2,7,106,4,107,28,4,108,4,109,4,155,39,3,-1,47,-1,50,3,30,1,29,5,50,4,102,5,49,29,46,7,90,4,42,28,5,1,27,36,4,2,4,37,29,36,4,4,4,11,29,36,4,6,4,76,29,36,4,8,4,35,29,36,4,10,4,75,29,36,4,12,4,20,29,36,4,14,4,35,29,36,4,30,4,35,29,36,4,32,4,18,29,36,4,3,4,29,29,4,16,39,2,-1,47,1,6,51,5,51,4,121,7,122,4,42,28,4,123,4,78,4,123,4,78,30,4,29,5,51,4,126,7,122,4,42,28,4,2,4,76,25,4,123,4,70,30,4,29,5,51,4,130,5,20,29,5,51,4,131,4,123,29,5,51,4,148,5,1,27,36,4,2,4,206,29,4,16,30,2,29,5,51,4,150,5,23,29,5,51,4,151,4,39,29,5,51,4,152,7,96,4,152,28,4,191,28,29,5,51,4,207,3,29,5,51,4,102,5,45,29,46,7,90,4,42,28,5,1,27,36,4,2,4,38,29,36,4,4,4,69,29,36,4,6,4,17,29,36,4,8,4,18,29,36,4,10,4,13,29,36,4,12,4,29,29,36,4,14,4,11,29,36,4,30,4,13,29,4,16,39,2,-1,47,1,6,52,5,52,4,134,7,135,4,42,28,4,123,4,30,30,2,29,5,52,4,102,5,51,29,46,7,90,4,42,28,5,1,27,36,4,2,4,38,29,36,4,4,4,69,29,36,4,6,4,32,29,36,4,8,4,35,29,36,4,10,4,13,29,36,4,12,4,18,29,36,4,14,4,141,29,36,4,30,4,11,29,4,16,39,2,-1,47,1,6,53,5,53,4,136,5,21,29,5,53,4,142,4,2,29,5,53,4,143,4,127,29,5,53,4,102,5,51,29,5,51,4,208,28,36,4,209,28,51,35,3,30,2,34,1,5,51,4,210,28,36,4,209,28,51,35,4,30,2,34,1,46,7,90,4,42,28,5,1,27,36,4,2,4,37,29,36,4,4,4,11,29,36,4,6,4,76,29,36,4,8,4,35,29,36,4,10,4,73,29,36,4,12,4,7,29,36,4,14,4,86,29,36,4,30,4,11,29,36,4,32,4,5,29,4,16,39,2,-1,47,1,6,54,5,54,4,121,7,122,4,42,28,4,2,4,123,4,123,4,37,30,4,29,5,54,4,126,7,122,4,42,28,4,123,4,123,4,123,4,5,30,4,29,5,54,4,147,4,2,29,5,54,4,148,5,12,5,1,27,36,4,2,4,149,29,36,4,4,4,156,29,36,4,6,4,149,29,36,4,8,4,195,29,36,4,10,4,161,29,36,4,12,4,149,29,36,4,14,4,211,29,36,4,30,4,160,29,36,4,32,4,149,29,36,4,3,4,212,29,36,4,33,4,165,29,36,4,34,4,157,29,36,4,36,4,165,29,36,4,37,4,176,29,36,4,38,4,162,29,36,4,39,4,157,29,36,4,67,4,160,29,36,4,27,4,195,29,4,16,30,2,15,29,5,54,4,150,5,25,29,5,54,4,151,4,33,29,5,54,4,152,7,96,4,152,28,4,166,28,29,5,54,4,102,5,45,29,46,7,90,4,42,28,5,1,27,36,4,2,4,80,29,36,4,4,4,13,29,36,4,6,4,7,29,36,4,8,4,28,29,36,4,10,4,11,29,4,16,39,2,-1,47,1,6,55,5,55,4,121,7,122,4,42,28,4,167,4,123,4,123,4,2,30,4,29,5,55,4,126,7,122,4,42,28,4,168,4,123,4,123,4,213,30,4,29,5,55,4,130,5,21,29,5,55,4,147,4,214,29,5,55,4,131,4,123,29,5,55,4,102,5,45,29,46,7,90,4,42,28,5,1,27,36,4,2,4,80,29,36,4,4,4,13,29,36,4,6,4,7,29,36,4,8,4,28,29,36,4,10,4,11,29,4,16,39,2,-1,47,1,6,56,5,56,4,121,7,122,4,42,28,4,167,4,123,4,123,4,76,30,4,29,5,56,4,126,7,122,4,42,28,4,168,4,123,4,123,4,215,30,4,29,5,56,4,130,5,20,29,5,56,4,131,4,123,29,5,56,4,102,5,45,29,46,7,90,4,42,28,5,1,27,36,4,2,4,38,29,36,4,4,4,69,29,36,4,6,4,17,29,36,4,8,4,18,29,36,4,10,4,13,29,36,4,12,4,29,29,36,4,14,4,11,29,36,4,30,4,13,29,4,16,39,2,-1,47,1,6,57,5,57,4,134,7,135,4,42,28,4,123,4,30,30,2,29,5,57,4,102,5,56,29,46,7,90,4,42,28,5,1,27,36,4,2,4,38,29,36,4,4,4,69,29,36,4,6,4,32,29,36,4,8,4,35,29,36,4,10,4,13,29,36,4,12,4,18,29,36,4,14,4,141,29,36,4,30,4,11,29,4,16,39,2,-1,47,1,6,58,5,58,4,136,7,106,4,107,28,4,109,4,189,4,119,30,3,29,5,58,4,142,4,2,29,5,58,4,143,4,214,29,5,58,4,102,5,56,29,46,7,90,4,42,28,5,1,27,36,4,2,4,37,29,36,4,4,4,11,29,36,4,6,4,76,29,36,4,8,4,35,29,36,4,10,4,73,29,36,4,12,4,7,29,36,4,14,4,86,29,36,4,30,4,11,29,36,4,32,4,5,29,4,16,39,2,-1,47,1,6,59,5,59,4,121,7,122,4,42,28,4,2,4,37,25,4,2,4,123,30,4,29,5,59,4,126,7,122,4,42,28,4,123,4,14,4,123,4,123,30,4,29,5,59,4,147,4,2,29,5,59,4,148,5,1,27,36,4,2,4,162,29,36,4,4,4,161,29,36,4,6,4,165,29,36,4,8,4,216,29,36,4,10,4,187,29,36,4,12,4,63,29,36,4,14,4,149,29,36,4,30,4,165,29,36,4,32,4,162,29,36,4,3,4,217,29,36,4,33,4,177,29,4,16,30,2,29,5,59,4,150,5,24,29,5,59,4,151,4,34,29,5,59,4,152,7,96,4,152,28,4,191,28,29,5,59,4,204,7,96,4,204,28,4,205,28,29,5,59,4,218,2,29,5,59,4,102,5,56,29,46,5,28,5,45,7,122,4,42,28,4,167,4,123,4,123,4,81,30,4,7,122,4,42,28,4,168,4,123,4,123,4,219,30,4,5,1,27,36,4,2,4,165,29,36,4,4,4,162,29,36,4,6,4,217,29,36,4,8,4,177,29,36,4,10,4,149,29,36,4,12,4,220,29,4,16,30,2,7,106,4,107,28,4,221,4,83,4,112,30,3,7,106,4,107,28,4,112,4,222,4,201,30,3,7,106,4,107,28,4,111,4,108,4,110,39,3,-1,47,1,6,60,46,7,90,4,42,28,5,1,27,36,4,2,4,37,29,36,4,4,4,11,29,36,4,6,4,76,29,36,4,8,4,35,29,36,4,10,4,75,29,36,4,12,4,20,29,36,4,14,4,35,29,36,4,30,4,35,29,36,4,32,4,18,29,36,4,3,4,29,29,4,16,39,2,-1,47,1,6,61,5,61,4,121,7,122,4,42,28,4,167,4,123,4,123,4,87,30,4,29,5,61,4,126,7,122,4,42,28,4,168,4,123,4,123,4,154,30,4,29,5,61,4,130,5,20,29,5,61,4,131,4,123,29,5,61,4,148,5,1,27,36,4,2,4,158,29,36,4,4,4,160,29,36,4,6,4,193,29,36,4,8,4,177,29,36,4,10,4,193,29,36,4,12,4,179,29,36,4,14,4,162,29,36,4,30,4,149,29,36,4,32,4,194,29,36,4,3,4,162,29,36,4,33,4,161,29,36,4,34,4,163,29,36,4,36,4,158,29,36,4,37,4,195,29,36,4,38,4,165,29,36,4,39,4,193,29,36,4,67,4,163,29,4,16,30,2,29,5,61,4,150,5,24,29,5,61,4,151,4,34,29,5,61,4,152,7,96,4,152,28,4,191,28,29,5,61,4,102,5,45,29,46,7,90,4,42,28,5,1,27,36,4,2,4,38,29,36,4,4,4,69,29,36,4,6,4,17,29,36,4,8,4,18,29,36,4,10,4,13,29,36,4,12,4,29,29,36,4,14,4,11,29,36,4,30,4,13,29,4,16,39,2,-1,47,1,6,62,5,62,4,134,7,135,4,42,28,4,123,4,3,30,2,29,5,62,4,102,5,61,29,46,7,90,4,42,28,5,1,27,36,4,2,4,38,29,36,4,4,4,69,29,36,4,6,4,32,29,36,4,8,4,35,29,36,4,10,4,13,29,36,4,12,4,18,29,36,4,14,4,141,29,36,4,30,4,11,29,4,16,39,2,-1,47,1,6,63,5,63,4,136,7,106,4,107,28,4,196,4,197,4,198,30,3,29,5,63,4,142,4,2,29,5,63,4,143,4,199,29,5,63,4,102,5,61,29,46,7,90,4,42,28,5,1,27,36,4,2,4,80,29,36,4,4,4,13,29,36,4,6,4,7,29,36,4,8,4,28,29,36,4,10,4,11,29,4,16,39,2,-1,47,1,6,64,5,64,4,121,7,122,4,42,28,4,123,4,223,4,123,4,83,30,4,29,5,64,4,126,7,122,4,42,28,4,202,4,123,4,199,4,123,30,4,29,5,64,4,130,5,18,29,5,64,4,131,4,123,29,5,64,4,132,2,29,5,64,4,133,2,29,5,64,4,203,3,29,5,64,4,102,5,16,29,46,7,90,4,42,28,5,1,27,36,4,2,4,38,29,36,4,4,4,69,29,36,4,6,4,17,29,36,4,8,4,18,29,36,4,10,4,13,29,36,4,12,4,29,29,36,4,14,4,11,29,36,4,30,4,13,29,4,16,39,2,-1,47,1,6,65,5,65,4,134,7,135,4,42,28,4,123,4,38,30,2,29,5,65,4,102,5,64,29,46,7,90,4,42,28,5,1,27,36,4,2,4,38,29,36,4,4,4,69,29,36,4,6,4,19,29,36,4,8,4,13,29,36,4,10,4,7,29,36,4,12,4,31,29,36,4,14,4,21,29,36,4,30,4,11,29,36,4,32,4,29,29,36,4,3,4,35,29,4,16,39,2,-1,47,1,6,66,5,66,4,136,7,137,4,42,28,27,36,4,2,7,138,4,42,28,4,123,5,18,30,2,29,36,4,4,7,138,4,42,28,4,127,5,19,30,2,29,46,7,138,4,42,28,4,2,5,18,39,2,-1,50,3,30,1,29,5,66,4,139,4,140,29,5,66,4,102,5,64,29,46,7,90,4,42,28,5,1,27,36,4,2,4,38,29,36,4,4,4,69,29,36,4,6,4,32,29,36,4,8,4,35,29,36,4,10,4,13,29,36,4,12,4,18,29,36,4,14,4,141,29,36,4,30,4,11,29,4,16,39,2,-1,47,1,6,67,5,67,4,136,5,21,29,5,67,4,142,4,224,29,5,67,4,143,4,225,29,5,67,4,145,7,96,4,145,28,4,146,28,29,5,67,4,102,5,64,29,46,7,90,4,42,28,5,1,27,36,4,2,4,37,29,36,4,4,4,11,29,36,4,6,4,76,29,36,4,8,4,35,29,36,4,10,4,73,29,36,4,12,4,7,29,36,4,14,4,86,29,36,4,30,4,11,29,36,4,32,4,5,29,4,16,39,2,-1,47,1,6,68,5,68,4,121,7,122,4,42,28,4,2,4,61,25,4,2,4,123,30,4,29,5,68,4,126,7,122,4,42,28,4,123,4,37,4,123,4,123,30,4,29,5,68,4,147,4,2,29,5,68,4,148,5,1,27,36,4,2,4,79,29,36,4,4,4,11,29,36,4,6,4,149,29,36,4,8,4,61,29,36,4,10,4,20,29,36,4,12,4,86,29,4,16,30,2,29,5,68,4,150,5,24,29,5,68,4,151,4,37,29,5,68,4,152,7,96,4,152,28,4,153,28,29,5,68,4,204,7,96,4,204,28,4,205,28,29,5,68,4,102,5,64,29,46,7,90,4,42,28,5,1,27,36,4,2,4,38,29,36,4,4,4,69,29,36,4,6,4,19,29,36,4,8,4,13,29,36,4,10,4,7,29,36,4,12,4,31,29,36,4,14,4,21,29,36,4,30,4,11,29,36,4,32,4,29,29,36,4,3,4,35,29,4,16,39,2,-1,47,1,6,69,5,69,4,136,7,137,4,42,28,27,36,4,2,46,7,138,4,42,28,4,123,7,106,4,107,28,4,154,4,116,4,110,39,3,-1,47,1,29,46,46,7,138,4,42,28,4,2,7,106,4,107,28,4,155,4,113,4,110,39,3,-1,47,-1,50,2,30,1,29,5,69,4,102,5,68,29,46,7,90,4,42,28,5,1,27,36,4,2,4,37,29,36,4,4,4,11,29,36,4,6,4,76,29,36,4,8,4,35,29,36,4,10,4,75,29,36,4,12,4,20,29,36,4,14,4,35,29,36,4,30,4,35,29,36,4,32,4,18,29,36,4,3,4,29,29,4,16,39,2,-1,47,1,6,70,5,70,4,121,7,122,4,42,28,4,123,4,73,4,123,4,73,30,4,29,5,70,4,126,7,122,4,42,28,4,2,4,83,25,4,127,4,33,25,30,4,29,5,70,4,130,5,22,29,5,70,4,131,4,123,29,5,70,4,148,5,1,27,36,4,2,4,226,29,4,16,30,2,29,5,70,4,150,7,106,4,107,28,4,110,4,110,4,110,30,3,29,5,70,4,151,4,36,29,5,70,4,152,7,96,4,152,28,4,191,28,29,5,70,4,207,3,29,5,70,4,102,5,64,29,46,7,90,4,42,28,5,1,27,36,4,2,4,38,29,36,4,4,4,69,29,36,4,6,4,17,29,36,4,8,4,18,29,36,4,10,4,13,29,36,4,12,4,29,29,36,4,14,4,11,29,36,4,30,4,13,29,4,16,39,2,-1,47,1,6,71,5,71,4,134,7,135,4,42,28,4,123,4,14,30,2,29,5,71,4,102,5,70,29,46,7,90,4,42,28,5,1,27,36,4,2,4,38,29,36,4,4,4,69,29,36,4,6,4,32,29,36,4,8,4,35,29,36,4,10,4,13,29,36,4,12,4,18,29,36,4,14,4,141,29,36,4,30,4,11,29,4,16,39,2,-1,47,1,6,72,5,72,4,136,5,23,29,5,72,4,142,4,2,29,5,72,4,143,4,227,29,5,72,4,102,5,70,29,3,6,73,35,5,6,74,35,6,6,75,5,51,4,228,28,36,4,209,28,51,5,74,30,2,34,1,5,70,4,228,28,36,4,209,28,51,5,75,30,2,34,1,3,6,76,35,7,6,77,5,40,4,228,28,36,4,209,28,51,5,77,30,2,34,1,5,37,4,229,28,36,4,209,28,51,35,8,30,2,34,1,35,9,6,78,5,42,4,228,28,36,4,209,28,51,5,78,30,2,34,1,5,61,4,228,28,36,4,209,28,51,5,78,30,2,34,1,5,4,4,24,28,36,4,209,28,51,35,10,30,2,34,1,35,11,6,79,35,12,6,80,5,60,4,228,28,36,4,209,28,51,35,13,30,2,34,1,35,14,6,81,35,15,6,82,35,16,6,83,35,17,6,84,35,18,6,85,35,19,6,86,35,20,6,87,35,21,6,88,7,230,4,231,28,35,22,30,1,34,1,7,232,5,1,27,36,4,2,4,79,29,36,4,4,4,11,29,36,4,6,4,149,29,36,4,8,4,61,29,36,4,10,4,20,29,36,4,12,4,86,29,36,4,14,4,149,29,4,16,30,2,5,12,5,1,27,36,4,2,4,149,29,36,4,4,4,5,29,36,4,6,4,18,29,36,4,8,4,7,29,36,4,10,4,31,29,36,4,12,4,11,29,36,4,14,4,31,29,36,4,30,4,149,29,36,4,32,4,233,29,36,4,3,4,149,29,36,4,33,4,141,29,36,4,34,4,11,29,36,4,36,4,9,29,36,4,37,4,63,29,36,4,38,4,149,29,4,16,30,2,5,10,5,1,27,36,4,2,4,149,29,36,4,4,4,233,29,36,4,6,4,149,29,36,4,8,4,15,29,36,4,10,4,13,29,36,4,12,4,81,29,36,4,14,4,63,29,36,4,30,4,149,29,4,16,30,2,5,11,15,15,15,15,15,30,1,34,1,7,230,4,231,28,35,23,30,1,34,1,31,0}
local __IO4={{K={1,2,0,"string","char","bit32","bxor","table","concat"},C={4,0,4,0,9,4,1,16,36,33,18,34,1,37,0,5,0,28,33,29,37,0,5,0,28,31,1,32,29,27,6,2,4,0,6,3,5,0,26,6,4,4,0,6,5,5,5,4,2,20,33,61,5,3,5,4,19,33,111,32,68,5,3,5,4,21,33,111,49,6,5,3,6,6,5,2,5,6,46,7,3,4,4,28,7,5,4,6,28,5,0,5,6,28,5,1,39,2,-1,47,1,29,5,3,5,5,9,6,3,32,45,7,7,4,8,28,5,2,30,1,6,7,37,0,5,0,5,7,29,5,7,31,1},P={},U={{1,0}},nParams=2},{K={"Instance","new",1,14,2,63,3,34,4,46,5,24,6,47,7,8,9,53,10,52,90,"Size","Position","BackgroundColor3","Color3","fromRGB",255,"BorderSizePixel",0,"Text","TextColor3","TextSize","Font","Enum","GothamBold","TextStrokeTransparency",0.55,"TextStrokeColor3","AutoButtonColor","Parent",15,19,25,40,"CornerRadius","UDim",11,29,59,62,51,"Color","ColorSequence","ColorSequenceKeypoint","Rotation",49,"Thickness",1.2,"Transparency",0.35,"MouseEnter","Connect","MouseLeave","MouseButton1Down","MouseButton1Up"},C={46,7,0,4,1,28,37,0,27,36,4,2,4,3,29,36,4,4,4,5,29,36,4,6,4,7,29,36,4,8,4,9,29,36,4,10,4,11,29,36,4,12,4,13,29,36,4,14,4,9,29,36,4,15,4,9,29,36,4,16,4,17,29,36,4,18,4,19,29,4,20,39,2,-1,47,1,6,7,5,7,4,21,5,1,29,5,7,4,22,5,2,29,5,7,4,23,7,24,4,25,28,4,26,4,26,4,26,30,3,29,5,7,4,27,4,28,29,5,7,4,29,5,3,29,5,7,4,30,7,24,4,25,28,4,26,4,26,4,26,30,3,29,5,7,4,31,4,3,29,5,7,4,32,7,33,4,32,28,4,34,28,29,5,7,4,35,4,36,29,5,7,4,37,7,24,4,25,28,4,28,4,28,4,28,30,3,29,5,7,4,38,3,29,5,7,4,39,5,0,29,46,7,0,4,1,28,37,0,27,36,4,2,4,40,29,36,4,4,4,41,29,36,4,6,4,42,29,36,4,8,4,17,29,36,4,10,4,43,29,36,4,12,4,19,29,36,4,14,4,5,29,36,4,15,4,43,29,4,20,39,2,-1,47,1,6,8,5,8,4,44,7,45,4,1,28,4,28,4,46,30,2,29,5,8,4,39,5,7,29,46,7,0,4,1,28,37,0,27,36,4,2,4,40,29,36,4,4,4,41,29,36,4,6,4,47,29,36,4,8,4,43,29,36,4,10,4,48,29,36,4,12,4,49,29,36,4,14,4,50,29,36,4,15,4,5,29,36,4,16,4,19,29,36,4,18,4,9,29,4,20,39,2,-1,47,1,6,9,5,9,4,51,7,52,4,1,28,27,36,4,2,7,53,4,1,28,4,28,5,4,30,2,29,46,7,53,4,1,28,4,2,5,5,39,2,-1,50,2,30,1,29,5,9,4,54,4,20,29,5,9,4,39,5,7,29,46,7,0,4,1,28,37,0,27,36,4,2,4,40,29,36,4,4,4,41,29,36,4,6,4,16,29,36,4,8,4,9,29,36,4,10,4,43,29,36,4,12,4,17,29,36,4,14,4,55,29,36,4,15,4,5,29,4,20,39,2,-1,47,1,6,10,5,10,4,51,5,6,36,24,33,504,34,1,37,1,29,5,10,4,56,4,57,29,5,10,4,58,4,59,29,5,10,4,39,5,7,29,5,1,6,11,5,7,4,60,28,36,4,61,28,51,35,1,30,2,34,1,5,7,4,62,28,36,4,61,28,51,35,2,30,2,34,1,5,7,4,63,28,36,4,61,28,51,35,3,30,2,34,1,5,7,4,64,28,36,4,61,28,51,35,4,30,2,34,1,5,7,31,1},P={{K={"Create","TweenInfo","new",0.15,"Size","UDim2","X","Scale","Offset",3,"Y",2,"Play"},C={37,0,36,4,0,28,51,37,1,7,1,4,2,28,4,3,30,1,27,36,4,4,7,5,4,2,28,37,2,4,6,28,4,7,28,37,2,4,6,28,4,8,28,4,9,9,37,2,4,10,28,4,7,28,37,2,4,10,28,4,8,28,4,11,9,30,4,29,30,4,36,4,12,28,51,30,1,34,1,31,0},P={},U={{0,2},{1,7},{1,1}},nParams=0},{K={"Create","TweenInfo","new",0.15,"Size","Play"},C={37,0,36,4,0,28,51,37,1,7,1,4,2,28,4,3,30,1,27,36,4,4,37,2,29,30,4,36,4,5,28,51,30,1,34,1,31,0},P={},U={{0,2},{1,7},{1,11}},nParams=0},{K={"Create","TweenInfo","new",0.08,"Size","UDim2","X","Scale","Offset",2,"Y","Play"},C={37,0,36,4,0,28,51,37,1,7,1,4,2,28,4,3,30,1,27,36,4,4,7,5,4,2,28,37,2,4,6,28,4,7,28,37,2,4,6,28,4,8,28,4,9,10,37,2,4,10,28,4,7,28,37,2,4,10,28,4,8,28,4,9,10,30,4,29,30,4,36,4,11,28,51,30,1,34,1,31,0},P={},U={{0,2},{1,7},{1,1}},nParams=0},{K={"Create","TweenInfo","new",0.08,"Size","Play"},C={37,0,36,4,0,28,51,37,1,7,1,4,2,28,4,3,30,1,27,36,4,4,37,2,29,30,4,36,4,5,28,51,30,1,34,1,31,0},P={},U={{0,2},{1,7},{1,11}},nParams=0}},U={{1,1},{1,23},{1,17}},nParams=7},{K={"Create","TweenInfo","new",0.15,"BackgroundColor3","Play"},C={37,0,36,4,0,28,51,37,1,7,1,4,2,28,4,3,30,1,27,36,4,4,37,2,29,30,4,36,4,5,28,51,30,1,34,1,31,0},P={},U={{1,17},{1,51},{1,22}},nParams=0},{K={"Create","TweenInfo","new",0.15,"BackgroundColor3","Play"},C={37,0,36,4,0,28,51,37,1,7,1,4,2,28,4,3,30,1,27,36,4,4,37,2,29,30,4,36,4,5,28,51,30,1,34,1,31,0},P={},U={{1,17},{1,51},{1,20}},nParams=0},{K={12,144,"Position","Create","TweenInfo","new",0.18,"BackgroundTransparency",1,"Play","ipairs","GetDescendants",3,2,9,"IsA",14,63,34,4,46,5,22,6,59,7,56,8,54,90,24,47,53,10,52,0.15,"TextTransparency",49,28,40,55,"task","wait","Visible",0.2,0},C={4,0,4,0,11,4,1,16,36,33,15,34,1,37,0,33,21,31,0,32,21,2,38,0,37,1,4,2,37,2,4,2,28,29,37,3,36,4,3,28,51,37,2,7,4,4,5,28,4,6,30,1,27,36,4,7,4,8,29,30,4,36,4,9,28,51,30,1,34,1,46,7,10,37,2,36,4,11,28,51,39,1,-1,47,3,6,2,6,1,6,0,56,0,1,2,49,3,49,4,5,0,5,1,5,2,39,2,2,6,4,6,3,5,3,6,2,5,3,1,17,33,510,4,12,4,13,14,4,14,16,36,33,357,34,1,46,5,4,36,4,15,28,51,37,4,27,36,4,8,4,16,29,36,4,13,4,17,29,36,4,12,4,18,29,36,4,19,4,20,29,36,4,21,4,22,29,36,4,23,4,24,29,36,4,25,4,26,29,36,4,27,4,17,29,36,4,14,4,28,29,4,29,39,2,-1,47,1,36,24,33,291,34,1,46,5,4,36,4,15,28,51,37,4,27,36,4,8,4,16,29,36,4,13,4,17,29,36,4,12,4,18,29,36,4,19,4,20,29,36,4,21,4,30,29,36,4,23,4,31,29,36,4,25,4,20,29,36,4,27,4,20,29,36,4,14,4,32,29,36,4,33,4,34,29,4,29,39,2,-1,47,1,36,24,33,357,34,1,46,5,4,36,4,15,28,51,37,4,27,36,4,8,4,16,29,36,4,13,4,17,29,36,4,12,4,18,29,36,4,19,4,20,29,36,4,21,4,30,29,36,4,23,4,32,29,36,4,25,4,18,29,4,29,39,2,-1,47,1,33,397,37,3,36,4,3,28,51,5,4,7,4,4,5,28,4,35,30,1,27,36,4,36,4,8,29,30,4,36,4,9,28,51,30,1,34,1,32,397,4,25,4,25,11,4,37,16,36,33,468,34,1,46,5,4,36,4,15,28,51,37,4,27,36,4,8,4,38,29,36,4,13,4,39,29,36,4,12,4,24,29,36,4,19,4,40,29,36,4,21,4,17,29,4,29,39,2,-1,47,1,36,33,468,34,1,5,4,37,2,17,33,508,37,3,36,4,3,28,51,5,4,7,4,4,5,28,4,35,30,1,27,36,4,7,4,8,29,30,4,36,4,9,28,51,30,1,34,1,32,508,32,95,7,41,4,42,28,4,6,30,1,34,1,37,2,4,43,3,29,37,1,4,7,4,8,29,37,1,4,43,2,29,37,5,4,36,4,8,29,37,6,4,36,4,8,29,37,3,36,4,3,28,51,37,1,7,4,4,5,28,4,44,30,1,27,36,4,7,4,45,29,30,4,36,4,9,28,51,30,1,34,1,37,3,36,4,3,28,51,37,5,7,4,4,5,28,4,44,30,1,27,36,4,36,4,45,29,30,4,36,4,9,28,51,30,1,34,1,37,3,36,4,3,28,51,37,6,7,4,4,5,28,4,44,30,1,27,36,4,36,4,45,29,30,4,36,4,9,28,51,30,1,34,1,31,0},P={},U={{1,73},{1,64},{1,45},{1,17},{1,1},{1,68},{1,70}},nParams=0},{K={1,2,"Create","TweenInfo","new",0.15,"BackgroundTransparency","Play",0.12,"TextTransparency","task","wait","Visible","ipairs","GetDescendants",15,225,"IsA",14,63,3,34,4,46,5,22,6,59,7,56,8,9,54,90,24,47,53,10,52,0.2,0,100,28,40,55,0.25,12,144,"Transparency",0.6},C={4,0,4,0,9,4,1,16,36,33,16,34,1,37,0,24,33,22,31,0,32,22,3,38,0,37,1,36,4,2,28,51,37,2,7,3,4,4,28,4,5,30,1,27,36,4,6,4,0,29,30,4,36,4,7,28,51,30,1,34,1,37,1,36,4,2,28,51,37,3,7,3,4,4,28,4,8,30,1,27,36,4,9,4,0,29,30,4,36,4,7,28,51,30,1,34,1,37,1,36,4,2,28,51,37,4,7,3,4,4,28,4,8,30,1,27,36,4,9,4,0,29,30,4,36,4,7,28,51,30,1,34,1,7,10,4,11,28,4,5,30,1,34,1,37,2,4,12,3,29,37,5,4,12,2,29,37,5,4,6,4,0,29,46,7,13,37,5,36,4,14,28,51,39,1,-1,47,3,6,2,6,1,6,0,56,0,1,2,49,3,49,4,5,0,5,1,5,2,39,2,2,6,4,6,3,5,3,6,2,5,3,1,17,33,617,4,15,4,15,11,4,16,16,36,33,450,34,1,46,5,4,36,4,17,28,51,37,6,27,36,4,0,4,18,29,36,4,1,4,19,29,36,4,20,4,21,29,36,4,22,4,23,29,36,4,24,4,25,29,36,4,26,4,27,29,36,4,28,4,29,29,36,4,30,4,19,29,36,4,31,4,32,29,4,33,39,2,-1,47,1,36,24,33,384,34,1,46,5,4,36,4,17,28,51,37,6,27,36,4,0,4,18,29,36,4,1,4,19,29,36,4,20,4,21,29,36,4,22,4,23,29,36,4,24,4,34,29,36,4,26,4,35,29,36,4,28,4,23,29,36,4,30,4,23,29,36,4,31,4,36,29,36,4,37,4,38,29,4,33,39,2,-1,47,1,36,24,33,450,34,1,46,5,4,36,4,17,28,51,37,6,27,36,4,0,4,18,29,36,4,1,4,19,29,36,4,20,4,21,29,36,4,22,4,23,29,36,4,24,4,34,29,36,4,26,4,36,29,36,4,28,4,21,29,4,33,39,2,-1,47,1,33,497,5,4,4,9,4,0,29,37,1,36,4,2,28,51,5,4,7,3,4,4,28,4,39,30,1,27,36,4,9,4,40,29,30,4,36,4,7,28,51,30,1,34,1,32,497,4,41,4,28,13,4,1,16,36,33,568,34,1,46,5,4,36,4,17,28,51,37,6,27,36,4,0,4,42,29,36,4,1,4,43,29,36,4,20,4,27,29,36,4,22,4,44,29,36,4,24,4,19,29,4,33,39,2,-1,47,1,36,33,568,34,1,5,4,37,5,17,33,615,5,4,4,6,4,0,29,37,1,36,4,2,28,51,5,4,7,3,4,4,28,4,39,30,1,27,36,4,6,4,40,29,30,4,36,4,7,28,51,30,1,34,1,32,615,32,188,37,1,36,4,2,28,51,37,5,7,3,4,4,28,4,39,30,1,27,36,4,6,4,40,29,30,4,36,4,7,28,51,30,1,34,1,7,10,4,11,28,4,45,30,1,34,1,4,46,4,46,11,4,47,16,36,33,679,34,1,37,7,33,690,37,7,4,6,4,40,29,32,690,4,20,4,1,14,4,31,16,36,33,705,34,1,37,8,33,716,37,8,4,48,4,49,29,32,716,37,9,4,9,4,40,29,37,10,4,48,4,39,29,31,0},P={},U={{1,73},{1,17},{1,64},{1,68},{1,70},{1,45},{1,1},{1,56},{1,58},{1,59},{1,67}},nParams=0},{K={7,49,"Text",1,1648,2,1567,3,122,4,1552,5,1661,6,1566,1632,8,9,10,11,12,10057,90,"TextColor3","task","wait",0.5,"Destroy","Visible","BackgroundTransparency","Create","TweenInfo","new",0.3,0,"Play",1563,1655,1645,13,14,15,16,17,1650,18,19,""},C={4,0,4,0,11,4,1,16,36,33,21,34,1,37,0,4,2,28,37,1,16,33,190,2,38,2,37,3,4,2,37,4,27,36,4,3,4,4,29,36,4,5,4,6,29,36,4,7,4,8,29,36,4,9,4,10,29,36,4,11,4,12,29,36,4,13,4,14,29,36,4,0,4,15,29,36,4,16,4,12,29,36,4,17,4,14,29,36,4,18,4,10,29,36,4,19,4,8,29,36,4,20,4,21,29,4,22,30,2,29,37,3,4,23,37,5,29,7,24,4,25,28,4,26,30,1,34,1,37,6,36,4,27,28,51,30,1,34,1,37,7,4,28,2,29,37,7,4,29,4,3,29,37,8,36,4,30,28,51,37,7,7,31,4,32,28,4,33,30,1,27,36,4,29,4,34,29,30,4,36,4,35,28,51,30,1,34,1,32,330,37,3,4,2,37,4,27,36,4,3,4,12,29,36,4,5,4,14,29,36,4,7,4,6,29,36,4,9,4,36,29,36,4,11,4,4,29,36,4,13,4,12,29,36,4,0,4,37,29,36,4,16,4,8,29,36,4,17,4,15,29,36,4,18,4,14,29,36,4,19,4,38,29,36,4,20,4,8,29,36,4,39,4,10,29,36,4,40,4,12,29,36,4,41,4,14,29,36,4,42,4,37,29,36,4,43,4,44,29,36,4,45,4,10,29,36,4,46,4,44,29,4,22,30,2,29,37,3,4,23,37,9,29,37,0,4,2,4,47,29,31,0},P={},U={{1,37},{1,10},{1,76},{1,41},{1,1},{1,26},{1,29},{1,45},{1,17},{1,27}},nParams=0},{K={1,2},C={4,0,4,0,9,4,1,16,36,33,15,34,1,5,0,33,25,37,0,30,0,34,1,32,25,31,0},P={},U={{1,77}},nParams=1},{K={15,225,"setclipboard",100,7,2,"Parent","Text",1,1643,1661,3,1650,4,1645,5,122,6,1566,8,1641,9,1552,10,11,1563,12,13,14,1564,16,17,1652,18,1565,19,20,1567,21,22,23,24,25,1655,26,27,28,1634,29,1651,90,"TextColor3",144,1648,1561,30,"task","wait",2.5,"_c",1554,1644,1635,96,1560},C={4,0,4,0,11,4,1,16,36,33,15,34,1,7,2,33,27,7,2,37,0,30,1,34,1,32,27,4,3,4,4,13,4,5,16,36,33,52,34,1,37,1,36,33,52,34,1,37,1,4,6,28,33,249,37,2,4,7,37,3,27,36,4,8,4,9,29,36,4,5,4,10,29,36,4,11,4,12,29,36,4,13,4,14,29,36,4,15,4,16,29,36,4,17,4,10,29,36,4,4,4,18,29,36,4,19,4,20,29,36,4,21,4,22,29,36,4,23,4,9,29,36,4,24,4,25,29,36,4,26,4,9,29,36,4,27,4,16,29,36,4,28,4,10,29,36,4,0,4,29,29,36,4,30,4,20,29,36,4,31,4,32,29,36,4,33,4,34,29,36,4,35,4,16,29,36,4,36,4,37,29,36,4,38,4,29,29,36,4,39,4,16,29,36,4,40,4,10,29,36,4,41,4,18,29,36,4,42,4,43,29,36,4,44,4,10,29,36,4,45,4,25,29,36,4,46,4,47,29,36,4,48,4,49,29,4,50,30,2,29,37,2,4,51,37,4,29,32,249,4,26,4,26,11,4,52,16,36,33,264,34,1,37,5,33,572,37,6,4,7,37,3,27,36,4,8,4,9,29,36,4,5,4,10,29,36,4,11,4,12,29,36,4,13,4,14,29,36,4,15,4,16,29,36,4,17,4,10,29,36,4,4,4,18,29,36,4,19,4,20,29,36,4,21,4,22,29,36,4,23,4,9,29,36,4,24,4,25,29,36,4,26,4,9,29,36,4,27,4,16,29,36,4,28,4,12,29,36,4,0,4,10,29,36,4,30,4,29,29,36,4,31,4,53,29,36,4,33,4,47,29,36,4,35,4,10,29,36,4,36,4,9,29,36,4,38,4,54,29,36,4,39,4,16,29,36,4,40,4,12,29,36,4,41,4,10,29,36,4,42,4,18,29,36,4,44,4,43,29,36,4,45,4,10,29,36,4,46,4,25,29,36,4,48,4,47,29,36,4,55,4,49,29,4,50,30,2,29,7,56,4,57,28,4,58,30,1,34,1,4,11,4,5,14,4,21,16,36,33,488,34,1,37,7,4,59,28,24,33,570,37,6,4,7,37,3,27,36,4,8,4,10,29,36,4,5,4,18,29,36,4,11,4,60,29,36,4,13,4,61,29,36,4,15,4,62,29,36,4,17,4,63,29,36,4,4,4,16,29,36,4,19,4,60,29,36,4,21,4,10,29,36,4,23,4,64,29,36,4,24,4,25,29,4,50,30,2,29,32,570,32,572,31,0},P={},U={{1,11},{1,29},{1,41},{1,1},{1,26},{1,76},{1,59},{1,9}},nParams=0},{K={"WaitForChild",1,18,2,47,3,55,4,59,5,52,6,53,7,51,8,62,90,9,10,11,12,46,13,14,15,40,16},C={5,0,38,0,46,5,0,36,4,0,28,51,37,1,27,36,4,1,4,2,29,36,4,3,4,4,29,36,4,5,4,6,29,36,4,7,4,8,29,36,4,9,4,10,29,36,4,11,4,12,29,36,4,13,4,14,29,36,4,15,4,16,29,4,17,39,2,-1,47,1,38,2,46,5,0,36,4,0,28,51,37,1,27,36,4,1,4,2,29,36,4,3,4,4,29,36,4,5,4,6,29,36,4,7,4,8,29,36,4,9,4,10,29,36,4,11,4,12,29,36,4,13,4,14,29,36,4,15,4,16,29,36,4,18,4,15,29,36,4,19,4,12,29,36,4,20,4,12,29,36,4,21,4,22,29,36,4,23,4,19,29,36,4,24,4,8,29,36,4,25,4,26,29,36,4,27,4,22,29,4,17,39,2,-1,47,1,38,3,31,0},P={},U={{1,5},{1,1},{1,6},{1,7}},nParams=1},{K={"Text",1,1646,2,1632,3,1547,4,1661,5,1566,6,122,7,9979,90,"TextColor3","Color3","fromRGB",220,255,235,"FindFirstChildOfClass",15,19,29,40,59,62,51,8,63,9,52,10,46,49,"Color","ColorSequence","new","ColorSequenceKeypoint",0,70,160,53,180,"Transparency",0.2,1554,1644,1635,96,1552,1648,11,12,13,14,225},C={37,0,4,0,37,1,27,36,4,1,4,2,29,36,4,3,4,4,29,36,4,5,4,6,29,36,4,7,4,8,29,36,4,9,4,10,29,36,4,11,4,12,29,36,4,13,4,14,29,4,15,30,2,29,37,0,4,16,7,17,4,18,28,4,19,4,20,4,21,30,3,29,46,37,0,36,4,22,28,51,37,1,27,36,4,1,4,23,29,36,4,3,4,24,29,36,4,5,4,25,29,36,4,7,4,26,29,36,4,9,4,27,29,36,4,11,4,28,29,36,4,13,4,29,29,36,4,30,4,31,29,36,4,32,4,33,29,36,4,34,4,35,29,4,15,39,2,-1,47,1,6,0,4,13,4,13,11,4,36,16,36,33,167,34,1,5,0,33,239,5,0,4,37,7,38,4,39,28,27,36,4,1,46,7,40,4,39,28,4,41,7,17,4,18,28,4,42,4,26,4,43,39,3,-1,47,1,29,46,46,7,40,4,39,28,4,1,7,17,4,18,28,4,43,4,15,4,20,39,3,-1,47,-1,50,2,30,1,29,32,239,46,37,0,36,4,22,28,51,37,1,27,36,4,1,4,23,29,36,4,3,4,24,29,36,4,5,4,32,29,36,4,7,4,35,29,36,4,9,4,26,29,36,4,11,4,44,29,36,4,13,4,36,29,36,4,30,4,31,29,4,15,39,2,-1,47,1,6,1,4,1,4,1,9,4,3,16,36,33,322,34,1,5,1,33,351,5,1,4,37,7,17,4,18,28,4,19,4,45,4,20,30,3,29,5,1,4,46,4,47,29,32,351,37,2,4,0,37,1,27,36,4,1,4,8,29,36,4,3,4,10,29,36,4,5,4,48,29,36,4,7,4,49,29,36,4,9,4,50,29,36,4,11,4,51,29,36,4,13,4,12,29,36,4,30,4,52,29,36,4,32,4,2,29,36,4,34,4,53,29,36,4,54,4,4,29,36,4,55,4,10,29,36,4,56,4,12,29,36,4,57,4,14,29,4,15,30,2,29,46,37,3,36,4,22,28,51,37,1,27,36,4,1,4,23,29,36,4,3,4,24,29,36,4,5,4,32,29,36,4,7,4,35,29,36,4,9,4,26,29,36,4,11,4,44,29,36,4,13,4,36,29,36,4,30,4,31,29,4,15,39,2,-1,47,1,6,2,4,23,4,23,11,4,58,16,36,33,530,34,1,5,2,33,548,5,2,4,37,37,4,29,5,2,4,46,4,47,29,32,548,31,0},P={},U={{1,60},{1,1},{1,59},{1,56},{1,21}},nParams=0},{K={"Text",1,1554,2,1661,3,1560,4,1563,5,122,6,10065,90,"TextColor3","Color3","fromRGB",255,"FindFirstChildOfClass",15,19,29,40,59,62,7,51,8,63,9,52,10,46,100,"Color","ColorSequence","new","ColorSequenceKeypoint",0,75,30,140,70,235,53,49,12,144,200,150,"Transparency",0.35,1566,1644,1635,96,11,80,60,120,0.6},C={37,0,4,0,37,1,27,36,4,1,4,2,29,36,4,3,4,4,29,36,4,5,4,6,29,36,4,7,4,8,29,36,4,9,4,10,29,36,4,11,4,12,29,4,13,30,2,29,37,0,4,14,7,15,4,16,28,4,17,4,17,4,17,30,3,29,46,37,0,36,4,18,28,51,37,1,27,36,4,1,4,19,29,36,4,3,4,20,29,36,4,5,4,21,29,36,4,7,4,22,29,36,4,9,4,23,29,36,4,11,4,24,29,36,4,25,4,26,29,36,4,27,4,28,29,36,4,29,4,30,29,36,4,31,4,32,29,4,13,39,2,-1,47,1,6,0,4,33,4,25,13,4,3,16,36,33,161,34,1,5,0,33,233,5,0,4,34,7,35,4,36,28,27,36,4,1,46,7,37,4,36,28,4,38,7,15,4,16,28,4,39,4,40,4,41,39,3,-1,47,1,29,46,46,7,37,4,36,28,4,1,7,15,4,16,28,4,41,4,42,4,43,39,3,-1,47,-1,50,2,30,1,29,32,233,46,37,0,36,4,18,28,51,37,1,27,36,4,1,4,19,29,36,4,3,4,20,29,36,4,5,4,29,29,36,4,7,4,32,29,36,4,9,4,22,29,36,4,11,4,44,29,36,4,25,4,45,29,36,4,27,4,28,29,4,13,39,2,-1,47,1,6,1,4,46,4,46,11,4,47,16,36,33,316,34,1,5,1,33,345,5,1,4,34,7,15,4,16,28,4,48,4,49,4,17,30,3,29,5,1,4,50,4,51,29,32,345,37,2,4,0,37,1,27,36,4,1,4,4,29,36,4,3,4,52,29,36,4,5,4,2,29,36,4,7,4,53,29,36,4,9,4,54,29,36,4,11,4,55,29,36,4,25,4,10,29,36,4,27,4,2,29,36,4,29,4,4,29,36,4,31,4,6,29,36,4,56,4,8,29,4,13,30,2,29,46,37,3,36,4,18,28,51,37,1,27,36,4,1,4,19,29,36,4,3,4,20,29,36,4,5,4,29,29,36,4,7,4,32,29,36,4,9,4,22,29,36,4,11,4,44,29,36,4,25,4,45,29,36,4,27,4,28,29,4,13,39,2,-1,47,1,6,2,4,5,4,3,14,4,29,16,36,33,506,34,1,5,2,33,535,5,2,4,34,7,15,4,16,28,4,57,4,58,4,59,30,3,29,5,2,4,50,4,60,29,32,535,31,0},P={},U={{1,60},{1,1},{1,59},{1,56}},nParams=0},{K={7,49,"_c",1,2},C={4,0,4,0,11,4,1,16,36,33,16,34,1,37,0,24,33,22,31,0,32,22,37,1,4,2,37,1,4,2,28,24,29,4,3,4,3,9,4,4,16,36,33,51,34,1,37,1,4,2,28,33,61,37,2,30,0,34,1,32,67,37,3,30,0,34,1,31,0},P={},U={{1,76},{1,9},{1,79},{1,80}},nParams=0},{K={"FindFirstChild",1,24,2,59,3,57,4,49,5,42,6,7,8,90,15,225,"ipairs","GetChildren",100,"IsA",14,53,54,"EquipTool","task","wait",0.2,12,144,9},C={46,37,0,36,4,0,28,51,37,1,27,36,4,1,4,2,29,36,4,3,4,4,29,36,4,5,4,6,29,36,4,7,4,8,29,36,4,9,4,10,29,36,4,11,4,4,29,36,4,12,4,6,29,36,4,13,4,8,29,4,14,39,2,-1,47,1,6,0,4,15,4,15,11,4,16,16,36,33,83,34,1,5,0,33,227,46,7,17,5,0,36,4,18,28,51,39,1,-1,47,3,6,3,6,2,6,1,56,1,2,3,49,4,49,5,5,1,5,2,5,3,39,2,2,6,5,6,4,5,4,6,3,5,4,1,17,33,225,4,19,4,12,13,4,3,16,36,33,192,34,1,46,5,5,36,4,20,28,51,37,1,27,36,4,1,4,21,29,36,4,3,4,22,29,36,4,5,4,22,29,36,4,7,4,23,29,4,14,39,2,-1,47,1,33,223,37,2,36,4,24,28,51,5,5,30,2,34,1,7,25,4,26,28,4,27,30,1,34,1,2,31,1,32,223,32,110,32,227,4,28,4,28,11,4,29,16,36,33,242,34,1,37,3,33,362,46,7,17,37,3,36,4,18,28,51,39,1,-1,47,3,6,8,6,7,6,6,56,6,7,8,49,9,49,10,5,6,5,7,5,8,39,2,2,6,10,6,9,5,9,6,8,5,9,1,17,33,360,4,5,4,3,14,4,30,16,36,33,351,34,1,46,5,10,36,4,20,28,51,37,1,27,36,4,1,4,21,29,36,4,3,4,22,29,36,4,5,4,22,29,36,4,7,4,23,29,4,14,39,2,-1,47,1,33,358,2,31,1,32,358,32,269,32,362,3,31,1},P={},U={{1,4},{1,1},{1,6},{1,5}},nParams=0},{K={"pcall","task","wait",0.2,"FindFirstChild",1,10,2,54,3,59,4,35,5,63,6,40,7,29,8,47,9,51,90,15,225,"ipairs","GetDescendants",100,"IsA",14,34,46,24,53,52,19,55,61,11,"Visible",12,144,"Text","lower","find",49,22,56},C={7,0,35,1,30,1,34,1,7,1,4,2,28,4,3,30,1,34,1,46,37,2,36,4,4,28,51,37,0,27,36,4,5,4,6,29,36,4,7,4,8,29,36,4,9,4,10,29,36,4,11,4,12,29,36,4,13,4,14,29,36,4,15,4,16,29,36,4,17,4,18,29,36,4,19,4,20,29,36,4,21,4,22,29,4,23,39,2,-1,47,1,6,1,4,24,4,24,11,4,25,16,36,33,109,34,1,5,1,24,33,116,3,31,1,32,116,46,7,26,5,1,36,4,27,28,51,39,1,-1,47,3,6,4,6,3,6,2,56,2,3,4,49,5,49,6,5,2,5,3,5,4,39,2,2,6,6,6,5,5,5,6,4,5,5,1,17,33,939,4,28,4,17,13,4,7,16,36,33,359,34,1,46,5,6,36,4,29,28,51,37,0,27,36,4,5,4,30,29,36,4,7,4,14,29,36,4,9,4,31,29,36,4,11,4,32,29,36,4,13,4,33,29,36,4,15,4,20,29,36,4,17,4,32,29,36,4,19,4,32,29,36,4,21,4,34,29,36,4,6,4,35,29,4,23,39,2,-1,47,1,36,24,33,349,34,1,46,5,6,36,4,29,28,51,37,0,27,36,4,5,4,36,29,36,4,7,4,37,29,36,4,9,4,10,29,36,4,11,4,38,29,36,4,13,4,14,29,36,4,15,4,33,29,36,4,17,4,20,29,36,4,19,4,32,29,36,4,21,4,32,29,36,4,6,4,34,29,36,4,39,4,35,29,4,23,39,2,-1,47,1,36,33,359,34,1,5,6,4,40,28,33,901,3,6,7,4,41,4,41,11,4,42,16,36,33,455,34,1,46,5,6,36,4,29,28,51,37,0,27,36,4,5,4,30,29,36,4,7,4,14,29,36,4,9,4,31,29,36,4,11,4,32,29,36,4,13,4,33,29,36,4,15,4,20,29,36,4,17,4,32,29,36,4,19,4,32,29,36,4,21,4,34,29,36,4,6,4,35,29,4,23,39,2,-1,47,1,33,561,5,6,4,43,28,36,4,44,28,51,30,1,6,8,7,26,5,0,39,1,3,6,11,6,10,6,9,56,9,10,11,49,12,49,13,5,9,5,10,5,11,39,2,2,6,13,6,12,5,12,6,11,5,12,1,17,33,559,4,9,4,7,14,4,21,16,36,33,548,34,1,46,5,8,36,4,45,28,51,5,13,36,4,44,28,51,39,1,-1,47,1,33,557,2,6,7,32,559,32,557,32,488,32,561,4,17,4,17,11,4,46,16,36,33,577,34,1,5,7,24,33,869,46,7,26,5,6,36,4,27,28,51,39,1,-1,47,3,6,16,6,15,6,14,56,14,15,16,49,17,49,18,5,14,5,15,5,16,39,2,2,6,18,6,17,5,17,6,16,5,17,1,17,33,867,4,5,4,5,9,4,7,16,36,33,726,34,1,46,5,18,36,4,29,28,51,37,0,27,36,4,5,4,30,29,36,4,7,4,14,29,36,4,9,4,31,29,36,4,11,4,32,29,36,4,13,4,47,29,36,4,15,4,10,29,36,4,17,4,48,29,36,4,19,4,14,29,36,4,21,4,8,29,4,23,39,2,-1,47,1,36,33,726,34,1,5,18,4,40,28,33,832,5,18,4,43,28,36,4,44,28,51,30,1,6,19,7,26,5,0,39,1,3,6,22,6,21,6,20,56,20,21,22,49,23,49,24,5,20,5,21,5,22,39,2,2,6,24,6,23,5,23,6,22,5,23,1,17,33,830,4,24,4,24,11,4,25,16,36,33,819,34,1,46,5,19,36,4,45,28,51,5,24,36,4,44,28,51,39,1,-1,47,1,33,828,2,6,7,32,830,32,828,32,759,32,832,4,28,4,17,13,4,7,16,36,33,847,34,1,5,7,33,853,32,867,32,853,49,19,49,20,49,21,49,22,49,23,49,24,32,604,32,869,4,41,4,41,11,4,42,16,36,33,884,34,1,5,7,33,899,7,0,35,2,30,1,34,1,2,31,1,32,899,32,901,49,7,49,8,49,9,49,10,49,11,49,12,49,13,49,14,49,15,49,16,49,17,49,18,49,19,49,20,49,21,49,22,49,23,49,24,32,141,3,31,1},P={{K={"ipairs","workspace","GetDescendants",7,49,"IsA",1,10,2,40,3,53,4,34,5,51,6,55,8,46,9,35,11,12,13,14,42,15,90,"Enabled","Parent",19,52,41,59,57,63,225,"Position","GetPivot","Magnitude",25,100,"fireproximityprompt",144,54,30,"fireclickdetector"},C={46,7,0,7,1,36,4,2,28,51,39,1,-1,47,3,6,2,6,1,6,0,56,0,1,2,49,3,49,4,5,0,5,1,5,2,39,2,2,6,4,6,3,5,3,6,2,5,3,1,17,33,660,4,3,4,3,11,4,4,16,36,33,183,34,1,46,5,4,36,4,5,28,51,37,0,27,36,4,6,4,7,29,36,4,8,4,9,29,36,4,10,4,11,29,36,4,12,4,13,29,36,4,14,4,15,29,36,4,16,4,17,29,36,4,3,4,15,29,36,4,18,4,19,29,36,4,20,4,21,29,36,4,7,4,7,29,36,4,22,4,9,29,36,4,23,4,11,29,36,4,24,4,17,29,36,4,25,4,26,29,36,4,27,4,19,29,4,28,39,2,-1,47,1,36,33,183,34,1,5,4,4,29,28,33,364,5,4,4,30,28,6,5,4,6,4,6,9,4,8,16,36,33,290,34,1,5,5,36,33,290,34,1,46,5,5,36,4,5,28,51,37,0,27,36,4,6,4,7,29,36,4,8,4,23,29,36,4,10,4,31,29,36,4,12,4,32,29,36,4,14,4,33,29,36,4,16,4,19,29,36,4,3,4,34,29,36,4,18,4,32,29,36,4,20,4,35,29,36,4,7,4,36,29,4,28,39,2,-1,47,1,33,362,4,27,4,27,11,4,37,16,36,33,329,34,1,37,1,4,38,28,5,5,36,4,39,28,51,30,1,4,38,28,10,4,40,28,4,41,19,33,360,4,42,4,3,13,4,8,16,36,33,346,34,1,7,43,33,358,7,43,5,4,30,1,34,1,32,358,32,360,32,362,32,654,4,23,4,23,11,4,44,16,36,33,473,34,1,46,5,4,36,4,5,28,51,37,0,27,36,4,6,4,41,29,36,4,8,4,45,29,36,4,10,4,15,29,36,4,12,4,35,29,36,4,14,4,4,29,36,4,16,4,46,29,36,4,3,4,36,29,36,4,18,4,19,29,36,4,20,4,36,29,36,4,7,4,35,29,36,4,22,4,19,29,36,4,23,4,11,29,36,4,24,4,9,29,4,28,39,2,-1,47,1,33,654,5,4,4,30,28,6,6,4,10,4,8,14,4,20,16,36,33,580,34,1,5,6,36,33,580,34,1,46,5,6,36,4,5,28,51,37,0,27,36,4,6,4,7,29,36,4,8,4,23,29,36,4,10,4,31,29,36,4,12,4,32,29,36,4,14,4,33,29,36,4,16,4,19,29,36,4,3,4,34,29,36,4,18,4,32,29,36,4,20,4,35,29,36,4,7,4,36,29,4,28,39,2,-1,47,1,33,652,4,3,4,3,11,4,4,16,36,33,619,34,1,37,1,4,38,28,5,6,36,4,39,28,51,30,1,4,38,28,10,4,40,28,4,41,19,33,650,4,6,4,6,9,4,8,16,36,33,636,34,1,7,47,33,648,7,47,5,4,30,1,34,1,32,648,32,650,32,652,32,654,49,5,49,6,32,25,31,0},P={},U={{0,0},{0,1}},nParams=0},{K={3,2,9,"getconnections","ipairs","MouseButton1Click","Fire","Activated",7,49,"firesignal"},C={4,0,4,1,14,4,2,16,36,33,15,34,1,7,3,33,149,46,7,4,7,3,37,0,4,5,28,39,1,-1,47,3,6,2,6,1,6,0,56,0,1,2,49,3,49,4,5,0,5,1,5,2,39,2,2,6,4,6,3,5,3,6,2,5,3,1,17,33,82,5,4,36,4,6,28,51,30,1,34,1,32,42,46,7,4,7,3,37,0,4,7,28,39,1,-1,47,3,6,7,6,6,6,5,56,5,6,7,49,8,49,9,5,5,5,6,5,7,39,2,2,6,9,6,8,5,8,6,7,5,8,1,17,33,147,5,9,36,4,6,28,51,30,1,34,1,32,107,32,149,4,8,4,8,11,4,9,16,36,33,164,34,1,7,10,33,190,7,10,37,0,4,5,28,30,1,34,1,7,10,37,0,4,7,28,30,1,34,1,32,190,31,0},P={},U={{1,6}},nParams=0}},U={{1,1},{1,7},{1,4}},nParams=1},{K={35,"pcall"},C={1,6,0,4,0,6,1,7,1,35,1,30,1,34,1,5,0,31,1},P={{K={"ipairs","workspace","GetDescendants",1,2,"IsA",10,40,3,53,4,34,5,51,6,55,7,8,46,9,35,11,12,13,14,42,15,90,"Enabled","Parent",225,19,52,41,59,57,63,"Position","GetPivot","Magnitude",100},C={46,7,0,7,1,36,4,2,28,51,39,1,-1,47,3,6,2,6,1,6,0,56,0,1,2,49,3,49,4,5,0,5,1,5,2,39,2,2,6,4,6,3,5,3,6,2,5,3,1,17,33,355,4,3,4,3,9,4,4,16,36,33,183,34,1,46,5,4,36,4,5,28,51,37,0,27,36,4,3,4,6,29,36,4,4,4,7,29,36,4,8,4,9,29,36,4,10,4,11,29,36,4,12,4,13,29,36,4,14,4,15,29,36,4,16,4,13,29,36,4,17,4,18,29,36,4,19,4,20,29,36,4,6,4,6,29,36,4,21,4,7,29,36,4,22,4,9,29,36,4,23,4,15,29,36,4,24,4,25,29,36,4,26,4,18,29,4,27,39,2,-1,47,1,36,33,183,34,1,5,4,4,28,28,33,349,5,4,4,29,28,6,5,4,26,4,26,11,4,30,16,36,33,290,34,1,5,5,36,33,290,34,1,46,5,5,36,4,5,28,51,37,0,27,36,4,3,4,6,29,36,4,4,4,22,29,36,4,8,4,31,29,36,4,10,4,32,29,36,4,12,4,33,29,36,4,14,4,18,29,36,4,16,4,34,29,36,4,17,4,32,29,36,4,19,4,35,29,36,4,6,4,36,29,4,27,39,2,-1,47,1,33,347,37,1,4,37,28,5,5,36,4,38,28,51,30,1,4,37,28,10,4,39,28,6,6,4,40,4,16,13,4,4,16,36,33,333,34,1,5,6,37,2,19,33,345,5,6,38,2,5,4,38,3,32,345,32,347,32,349,49,5,49,6,32,25,31,0},P={},U={{0,0},{0,1},{1,1},{1,0}},nParams=0}},U={{1,1},{1,7}},nParams=0},{K={"FindFirstChild",1,10,2,54,3,59,4,35,5,63,6,40,7,29,8,47,9,51,90,12,144,"ipairs","GetDescendants","IsA",14,34,46,22,56,"Visible","Text","lower",49,"find",1661,1655,1648,1643,1560,122,1566,1650,11,1645,13,1651,1647,1563,1567,1641,1554},C={46,37,0,36,4,0,28,51,37,1,27,36,4,1,4,2,29,36,4,3,4,4,29,36,4,5,4,6,29,36,4,7,4,8,29,36,4,9,4,10,29,36,4,11,4,12,29,36,4,13,4,14,29,36,4,15,4,16,29,36,4,17,4,18,29,4,19,39,2,-1,47,1,6,0,4,20,4,20,11,4,21,16,36,33,90,34,1,5,0,24,33,97,3,31,1,32,97,46,7,22,5,0,36,4,23,28,51,39,1,-1,47,3,6,3,6,2,6,1,56,1,2,3,49,4,49,5,5,1,5,2,5,3,39,2,2,6,5,6,4,5,4,6,3,5,4,1,17,33,640,4,5,4,3,14,4,17,16,36,33,244,34,1,46,5,5,36,4,24,28,51,37,1,27,36,4,1,4,25,29,36,4,3,4,10,29,36,4,5,4,26,29,36,4,7,4,27,29,36,4,9,4,28,29,36,4,11,4,6,29,36,4,13,4,29,29,36,4,15,4,10,29,36,4,17,4,4,29,4,19,39,2,-1,47,1,36,33,244,34,1,5,5,4,30,28,33,636,5,5,4,31,28,36,4,32,28,51,30,1,6,6,4,13,4,13,11,4,33,16,36,33,627,34,1,46,5,6,36,4,34,28,51,37,1,27,36,4,1,4,35,29,36,4,3,4,36,29,36,4,5,4,37,29,36,4,7,4,38,29,36,4,9,4,39,29,36,4,11,4,37,29,36,4,13,4,40,29,36,4,15,4,35,29,36,4,17,4,41,29,36,4,2,4,42,29,36,4,43,4,44,29,36,4,20,4,35,29,36,4,45,4,39,29,36,4,25,4,46,29,4,19,39,2,-1,47,1,36,24,33,435,34,1,46,5,6,36,4,34,28,51,37,1,27,36,4,1,4,35,29,36,4,3,4,36,29,36,4,5,4,37,29,36,4,7,4,38,29,36,4,9,4,39,29,36,4,11,4,37,29,4,19,39,2,-1,47,1,36,24,33,531,34,1,46,5,6,36,4,34,28,51,37,1,27,36,4,1,4,35,29,36,4,3,4,41,29,36,4,5,4,47,29,36,4,7,4,38,29,36,4,9,4,35,29,36,4,11,4,48,29,36,4,13,4,40,29,36,4,15,4,49,29,36,4,17,4,50,29,36,4,2,4,38,29,36,4,43,4,51,29,36,4,20,4,39,29,4,19,39,2,-1,47,1,36,24,33,627,34,1,46,5,6,36,4,34,28,51,37,1,27,36,4,1,4,42,29,36,4,3,4,44,29,36,4,5,4,35,29,36,4,7,4,39,29,36,4,9,4,46,29,36,4,11,4,40,29,36,4,13,4,49,29,36,4,15,4,36,29,36,4,17,4,38,29,36,4,2,4,51,29,36,4,43,4,39,29,36,4,20,4,46,29,4,19,39,2,-1,47,1,33,634,2,31,1,32,634,32,636,49,6,32,122,3,31,1},P={},U={{1,4},{1,1}},nParams=0},{K={"FindFirstChild",1,10,2,54,3,59,4,35,5,63,6,40,7,29,8,47,9,51,90,"ipairs","GetDescendants",15,225,"IsA",14,34,46,24,53,52,19,55,61,11,"Visible",100,"Text","gsub",127,41,113,"","lower",12,144,"find",1652,1650,1552,1643,49,50,56,42,22,"pcall"},C={46,37,0,36,4,0,28,51,37,1,27,36,4,1,4,2,29,36,4,3,4,4,29,36,4,5,4,6,29,36,4,7,4,8,29,36,4,9,4,10,29,36,4,11,4,12,29,36,4,13,4,14,29,36,4,15,4,16,29,36,4,17,4,18,29,4,19,39,2,-1,47,1,6,0,4,1,4,1,9,4,3,16,36,33,90,34,1,5,0,24,33,97,3,31,1,32,97,46,7,20,5,0,36,4,21,28,51,39,1,-1,47,3,6,3,6,2,6,1,56,1,2,3,49,4,49,5,5,1,5,2,5,3,39,2,2,6,5,6,4,5,4,6,3,5,4,1,17,33,1123,4,22,4,22,11,4,23,16,36,33,340,34,1,46,5,5,36,4,24,28,51,37,1,27,36,4,1,4,25,29,36,4,3,4,10,29,36,4,5,4,26,29,36,4,7,4,27,29,36,4,9,4,28,29,36,4,11,4,16,29,36,4,13,4,27,29,36,4,15,4,27,29,36,4,17,4,29,29,36,4,2,4,30,29,4,19,39,2,-1,47,1,36,24,33,330,34,1,46,5,5,36,4,24,28,51,37,1,27,36,4,1,4,31,29,36,4,3,4,32,29,36,4,5,4,6,29,36,4,7,4,33,29,36,4,9,4,10,29,36,4,11,4,28,29,36,4,13,4,16,29,36,4,15,4,27,29,36,4,17,4,27,29,36,4,2,4,29,29,36,4,34,4,30,29,4,19,39,2,-1,47,1,36,33,340,34,1,5,5,4,35,28,33,1105,3,6,6,4,36,4,13,13,4,3,16,36,33,436,34,1,46,5,5,36,4,24,28,51,37,1,27,36,4,1,4,25,29,36,4,3,4,10,29,36,4,5,4,26,29,36,4,7,4,27,29,36,4,9,4,28,29,36,4,11,4,16,29,36,4,13,4,27,29,36,4,15,4,27,29,36,4,17,4,29,29,36,4,2,4,30,29,4,19,39,2,-1,47,1,33,668,5,5,4,37,28,36,4,38,28,51,37,1,27,36,4,1,4,39,29,36,4,3,4,40,29,36,4,5,4,41,29,4,19,30,2,4,42,30,3,36,4,43,28,51,30,1,6,7,4,44,4,44,11,4,45,16,36,33,659,34,1,46,5,7,36,4,46,28,51,37,1,27,36,4,1,4,47,29,36,4,3,4,48,29,36,4,5,4,49,29,36,4,7,4,50,29,4,19,39,2,-1,47,1,36,24,33,607,34,1,46,5,7,36,4,46,28,51,37,1,27,36,4,1,4,51,29,36,4,3,4,52,29,36,4,5,4,6,29,36,4,7,4,53,29,36,4,9,4,10,29,36,4,11,4,10,29,36,4,13,4,12,29,4,19,39,2,-1,47,1,36,24,33,659,34,1,5,7,37,1,27,36,4,1,4,10,29,36,4,3,4,26,29,36,4,5,4,54,29,36,4,7,4,10,29,36,4,9,4,12,29,36,4,11,4,27,29,4,19,30,2,16,33,666,2,6,6,32,666,32,668,4,5,4,3,14,4,17,16,36,33,684,34,1,5,6,24,33,1073,46,7,20,5,5,36,4,21,28,51,39,1,-1,47,3,6,10,6,9,6,8,56,8,9,10,49,11,49,12,5,8,5,9,5,10,39,2,2,6,12,6,11,5,11,6,10,5,11,1,17,33,1071,4,13,4,13,11,4,51,16,36,33,833,34,1,46,5,12,36,4,24,28,51,37,1,27,36,4,1,4,25,29,36,4,3,4,10,29,36,4,5,4,26,29,36,4,7,4,27,29,36,4,9,4,55,29,36,4,11,4,6,29,36,4,13,4,53,29,36,4,15,4,10,29,36,4,17,4,4,29,4,19,39,2,-1,47,1,36,33,833,34,1,5,12,4,35,28,33,1067,5,12,4,37,28,36,4,38,28,51,37,1,27,36,4,1,4,39,29,36,4,3,4,40,29,36,4,5,4,41,29,4,19,30,2,4,42,30,3,36,4,43,28,51,30,1,6,13,4,1,4,1,9,4,3,16,36,33,1056,34,1,46,5,13,36,4,46,28,51,37,1,27,36,4,1,4,47,29,36,4,3,4,48,29,36,4,5,4,49,29,36,4,7,4,50,29,4,19,39,2,-1,47,1,36,24,33,1004,34,1,46,5,13,36,4,46,28,51,37,1,27,36,4,1,4,51,29,36,4,3,4,52,29,36,4,5,4,6,29,36,4,7,4,53,29,36,4,9,4,10,29,36,4,11,4,10,29,36,4,13,4,12,29,4,19,39,2,-1,47,1,36,24,33,1056,34,1,5,13,37,1,27,36,4,1,4,10,29,36,4,3,4,26,29,36,4,5,4,54,29,36,4,7,4,10,29,36,4,9,4,12,29,36,4,11,4,27,29,4,19,30,2,16,33,1065,2,6,6,32,1071,32,1065,32,1067,49,13,32,711,32,1073,4,22,4,22,11,4,23,16,36,33,1088,34,1,5,6,33,1103,7,56,35,1,30,1,34,1,2,31,1,32,1103,32,1105,49,6,49,7,49,8,49,9,49,10,49,11,49,12,49,13,32,122,3,31,1},P={{K={100,7,2,"getconnections","ipairs","MouseButton1Click","Fire","Activated",12,144,"firesignal"},C={4,0,4,1,13,4,2,16,36,33,15,34,1,7,3,33,149,46,7,4,7,3,37,0,4,5,28,39,1,-1,47,3,6,2,6,1,6,0,56,0,1,2,49,3,49,4,5,0,5,1,5,2,39,2,2,6,4,6,3,5,3,6,2,5,3,1,17,33,82,5,4,36,4,6,28,51,30,1,34,1,32,42,46,7,4,7,3,37,0,4,7,28,39,1,-1,47,3,6,7,6,6,6,5,56,5,6,7,49,8,49,9,5,5,5,6,5,7,39,2,2,6,9,6,8,5,8,6,7,5,8,1,17,33,147,5,9,36,4,6,28,51,30,1,34,1,32,107,32,149,4,8,4,8,11,4,9,16,36,33,164,34,1,7,10,33,190,7,10,37,0,4,5,28,30,1,34,1,7,10,37,0,4,7,28,30,1,34,1,32,190,31,0},P={},U={{1,5}},nParams=0}},U={{1,4},{1,1}},nParams=0},{K={"FindFirstChild",1,10,2,54,3,59,4,35,5,63,6,40,7,29,8,47,9,51,90,0,"ipairs","GetDescendants",49,"IsA",14,34,46,22,56,24,53,52,"Visible","Text","gsub",127,41,113,"","string","match",119,32,27,106,11,99,12,13,126},C={46,37,0,36,4,0,28,51,37,1,27,36,4,1,4,2,29,36,4,3,4,4,29,36,4,5,4,6,29,36,4,7,4,8,29,36,4,9,4,10,29,36,4,11,4,12,29,36,4,13,4,14,29,36,4,15,4,16,29,36,4,17,4,18,29,4,19,39,2,-1,47,1,6,0,4,5,4,3,14,4,17,16,36,33,90,34,1,5,0,24,33,97,3,31,1,32,97,4,20,6,1,46,7,21,5,0,36,4,22,28,51,39,1,-1,47,3,6,4,6,3,6,2,56,2,3,4,49,5,49,6,5,2,5,3,5,4,39,2,2,6,6,6,5,5,5,6,4,5,5,1,17,33,539,4,13,4,13,11,4,23,16,36,33,332,34,1,46,5,6,36,4,24,28,51,37,1,27,36,4,1,4,25,29,36,4,3,4,10,29,36,4,5,4,26,29,36,4,7,4,27,29,36,4,9,4,28,29,36,4,11,4,6,29,36,4,13,4,29,29,36,4,15,4,10,29,36,4,17,4,4,29,4,19,39,2,-1,47,1,36,24,33,322,34,1,46,5,6,36,4,24,28,51,37,1,27,36,4,1,4,25,29,36,4,3,4,10,29,36,4,5,4,26,29,36,4,7,4,27,29,36,4,9,4,30,29,36,4,11,4,16,29,36,4,13,4,27,29,36,4,15,4,27,29,36,4,17,4,31,29,36,4,2,4,32,29,4,19,39,2,-1,47,1,36,33,332,34,1,5,6,4,33,28,33,535,5,6,4,34,28,36,4,35,28,51,37,1,27,36,4,1,4,36,29,36,4,3,4,37,29,36,4,5,4,38,29,4,19,30,2,4,39,30,3,6,7,4,1,4,1,9,4,3,16,36,33,522,34,1,5,7,4,39,17,36,33,500,34,1,46,7,40,4,41,28,5,7,37,1,27,36,4,1,4,7,29,36,4,3,4,1,29,36,4,5,4,6,29,36,4,7,4,42,29,36,4,9,4,43,29,36,4,11,4,44,29,36,4,13,4,42,29,36,4,15,4,20,29,36,4,17,4,45,29,36,4,2,4,42,29,36,4,46,4,47,29,36,4,48,4,13,29,36,4,49,4,38,29,36,4,25,4,50,29,4,19,39,2,-1,47,1,36,33,511,34,1,5,7,26,4,5,21,36,33,522,34,1,5,7,26,4,11,19,33,533,5,1,4,1,9,6,1,32,533,32,535,49,7,32,126,5,1,4,3,21,31,1},P={},U={{1,4},{1,1}},nParams=0},{K={"FindFirstChild",1,10,2,54,3,59,4,35,5,63,6,40,7,29,8,47,9,51,90,15,225,"ipairs","GetDescendants",100,"IsA",14,34,46,22,56,24,53,52,"Visible","Text","gsub",127,41,113,"",12,144,"string","match",119,32,27,0,106,11,99,13,126,"table","insert","pairs",49,"AbsolutePosition","Y","pcall"},C={46,37,0,36,4,0,28,51,37,1,27,36,4,1,4,2,29,36,4,3,4,4,29,36,4,5,4,6,29,36,4,7,4,8,29,36,4,9,4,10,29,36,4,11,4,12,29,36,4,13,4,14,29,36,4,15,4,16,29,36,4,17,4,18,29,4,19,39,2,-1,47,1,6,0,4,20,4,20,11,4,21,16,36,33,90,34,1,5,0,24,33,96,31,0,32,96,27,6,1,46,7,22,5,0,36,4,23,28,51,39,1,-1,47,3,6,4,6,3,6,2,56,2,3,4,49,5,49,6,5,2,5,3,5,4,39,2,2,6,6,6,5,5,5,6,4,5,5,1,17,33,575,4,24,4,13,13,4,3,16,36,33,330,34,1,46,5,6,36,4,25,28,51,37,1,27,36,4,1,4,26,29,36,4,3,4,10,29,36,4,5,4,27,29,36,4,7,4,28,29,36,4,9,4,29,29,36,4,11,4,6,29,36,4,13,4,30,29,36,4,15,4,10,29,36,4,17,4,4,29,4,19,39,2,-1,47,1,36,24,33,320,34,1,46,5,6,36,4,25,28,51,37,1,27,36,4,1,4,26,29,36,4,3,4,10,29,36,4,5,4,27,29,36,4,7,4,28,29,36,4,9,4,31,29,36,4,11,4,16,29,36,4,13,4,28,29,36,4,15,4,28,29,36,4,17,4,32,29,36,4,2,4,33,29,4,19,39,2,-1,47,1,36,33,330,34,1,5,6,4,34,28,33,571,5,6,4,35,28,36,4,36,28,51,37,1,27,36,4,1,4,37,29,36,4,3,4,38,29,36,4,5,4,39,29,4,19,30,2,4,40,30,3,6,7,4,41,4,41,11,4,42,16,36,33,520,34,1,5,7,4,40,17,36,33,498,34,1,46,7,43,4,44,28,5,7,37,1,27,36,4,1,4,7,29,36,4,3,4,1,29,36,4,5,4,6,29,36,4,7,4,45,29,36,4,9,4,46,29,36,4,11,4,47,29,36,4,13,4,45,29,36,4,15,4,48,29,36,4,17,4,49,29,36,4,2,4,45,29,36,4,50,4,51,29,36,4,41,4,13,29,36,4,52,4,39,29,36,4,26,4,53,29,4,19,39,2,-1,47,1,36,33,509,34,1,5,7,26,4,5,21,36,33,520,34,1,5,7,26,4,11,19,33,569,4,5,4,3,14,4,17,16,36,33,541,34,1,5,1,5,7,28,24,33,551,5,1,5,7,27,29,32,551,7,54,4,55,28,5,1,5,7,28,5,6,30,2,34,1,32,569,32,571,49,7,32,124,7,56,5,1,39,1,3,6,10,6,9,6,8,56,8,9,10,49,11,49,12,5,8,5,9,5,10,39,2,2,6,12,6,11,5,11,6,10,5,11,1,17,33,764,4,13,4,13,11,4,57,16,36,33,638,34,1,5,12,26,4,3,21,33,752,5,12,4,1,28,6,13,4,3,6,14,5,12,26,6,15,4,1,6,16,5,16,4,48,20,33,676,5,14,5,15,19,33,742,32,683,5,14,5,15,21,33,742,49,17,5,14,6,17,4,1,4,1,9,4,3,16,36,33,722,34,1,5,12,5,17,28,4,58,28,4,59,28,5,13,4,58,28,4,59,28,18,33,733,5,12,5,17,28,6,13,32,733,5,14,5,16,9,6,14,32,660,7,60,35,1,30,1,34,1,32,752,49,13,49,14,49,15,49,16,49,17,32,592,31,0},P={{K={15,225,"getconnections","ipairs","MouseButton1Click","Fire","Activated"},C={4,0,4,0,11,4,1,16,36,33,15,34,1,7,2,33,149,46,7,3,7,2,37,0,4,4,28,39,1,-1,47,3,6,2,6,1,6,0,56,0,1,2,49,3,49,4,5,0,5,1,5,2,39,2,2,6,4,6,3,5,3,6,2,5,3,1,17,33,82,5,4,36,4,5,28,51,30,1,34,1,32,42,46,7,3,7,2,37,0,4,6,28,39,1,-1,47,3,6,7,6,6,6,5,56,5,6,7,49,8,49,9,5,5,5,6,5,7,39,2,2,6,9,6,8,5,8,6,7,5,8,1,17,33,147,5,9,36,4,5,28,51,30,1,34,1,32,107,32,149,31,0},P={},U={{1,13}},nParams=0}},U={{1,4},{1,1}},nParams=0},{K={100,7,2,"_c","Text",1,1564,1643,3,1554,4,1655,5,122,6,1566,8,1647,9,10,1661,11,1563,12,13,14,1560,15,1567,16,90,"_e","CFrame","_b","task","wait",0.6,144,1552,1565,1648,1635,1650,17,18,19,20,21,8270,1561,0.5,"fireproximityprompt",1634,1646,116,1.2,0,49,2.5,1645,1651,1657,22,23,24,25,26,27,1641,28,29,30,225,0.3,1652,1653},C={4,0,4,1,13,4,2,16,36,33,18,34,1,37,0,4,3,28,33,1230,37,1,4,4,37,2,27,36,4,5,4,6,29,36,4,2,4,7,29,36,4,8,4,9,29,36,4,10,4,11,29,36,4,12,4,13,29,36,4,14,4,15,29,36,4,1,4,15,29,36,4,16,4,17,29,36,4,18,4,7,29,36,4,19,4,20,29,36,4,21,4,22,29,36,4,23,4,13,29,36,4,24,4,7,29,36,4,25,4,26,29,36,4,27,4,28,29,36,4,29,4,13,29,4,30,30,2,37,0,4,31,28,15,29,37,3,4,32,37,4,4,33,28,37,0,4,31,28,28,29,7,34,4,35,28,4,36,30,1,34,1,37,5,30,0,34,1,37,6,30,0,6,0,4,23,4,23,11,4,37,16,36,33,189,34,1,5,0,24,33,418,37,1,4,4,37,2,27,36,4,5,4,28,29,36,4,2,4,20,29,36,4,8,4,13,29,36,4,10,4,22,29,36,4,12,4,38,29,36,4,14,4,39,29,36,4,1,4,13,29,36,4,16,4,40,29,36,4,18,4,22,29,36,4,19,4,20,29,36,4,21,4,41,29,36,4,23,4,15,29,36,4,24,4,13,29,36,4,25,4,42,29,36,4,27,4,20,29,36,4,29,4,15,29,36,4,43,4,17,29,36,4,44,4,7,29,36,4,45,4,20,29,36,4,46,4,22,29,36,4,47,4,13,29,4,30,30,2,37,0,4,31,28,37,2,27,36,4,5,4,13,29,36,4,2,4,48,29,36,4,8,4,13,29,36,4,10,4,6,29,36,4,12,4,49,29,36,4,14,4,28,29,36,4,1,4,15,29,4,30,30,2,15,15,29,37,0,4,31,37,0,4,31,28,37,4,4,33,28,26,13,4,5,9,29,7,34,4,35,28,4,50,30,1,34,1,32,1222,4,8,4,2,14,4,18,16,36,33,433,34,1,7,51,33,445,7,51,5,0,30,1,34,1,32,445,37,1,4,4,37,2,27,36,4,5,4,6,29,36,4,2,4,6,29,36,4,8,4,40,29,36,4,10,4,52,29,36,4,12,4,7,29,36,4,14,4,13,29,36,4,1,4,9,29,36,4,16,4,6,29,36,4,18,4,53,29,36,4,19,4,9,29,36,4,21,4,22,29,36,4,23,4,54,29,36,4,24,4,54,29,36,4,25,4,54,29,4,30,30,2,29,7,34,4,35,28,4,55,30,1,34,1,3,6,1,4,56,6,2,4,1,4,1,11,4,57,16,36,33,587,34,1,37,0,4,3,28,36,33,587,34,1,5,2,4,58,18,33,850,4,5,4,5,9,4,2,16,36,33,606,34,1,37,7,30,0,33,804,37,1,4,4,37,2,27,36,4,5,4,20,29,36,4,2,4,6,29,36,4,8,4,11,29,36,4,10,4,7,29,36,4,12,4,22,29,36,4,14,4,40,29,36,4,1,4,13,29,36,4,16,4,20,29,36,4,18,4,15,29,36,4,19,4,42,29,36,4,21,4,59,29,36,4,23,4,20,29,36,4,24,4,26,29,36,4,25,4,60,29,36,4,27,4,13,29,36,4,29,4,61,29,36,4,43,4,9,29,36,4,44,4,13,29,36,4,45,4,20,29,36,4,46,4,15,29,36,4,47,4,17,29,36,4,62,4,7,29,36,4,63,4,20,29,36,4,64,4,22,29,36,4,65,4,13,29,36,4,66,4,28,29,36,4,67,4,68,29,36,4,69,4,7,29,36,4,70,4,9,29,36,4,71,4,26,29,4,30,30,2,29,32,850,32,804,4,27,4,27,11,4,72,16,36,33,821,34,1,37,8,30,0,33,830,2,6,1,32,850,32,830,7,34,4,35,28,4,73,30,1,34,1,5,2,4,73,9,6,2,32,559,4,0,4,1,13,4,2,16,36,33,865,34,1,5,1,33,1033,37,1,4,4,37,2,27,36,4,5,4,20,29,36,4,2,4,74,29,36,4,8,4,40,29,36,4,10,4,7,29,36,4,12,4,6,29,36,4,14,4,20,29,36,4,1,4,13,29,36,4,16,4,74,29,36,4,18,4,42,29,36,4,19,4,38,29,36,4,21,4,7,29,36,4,23,4,13,29,36,4,24,4,48,29,36,4,25,4,13,29,36,4,27,4,6,29,36,4,29,4,42,29,36,4,43,4,75,29,36,4,44,4,20,29,36,4,45,4,13,29,36,4,46,4,20,29,36,4,47,4,15,29,36,4,62,4,11,29,36,4,63,4,15,29,4,30,30,2,29,7,34,4,35,28,4,50,30,1,34,1,2,31,1,32,1222,37,1,4,4,37,2,27,36,4,5,4,28,29,36,4,2,4,20,29,36,4,8,4,13,29,36,4,10,4,22,29,36,4,12,4,40,29,36,4,14,4,11,29,36,4,1,4,13,29,36,4,16,4,20,29,36,4,18,4,15,29,36,4,19,4,17,29,36,4,21,4,7,29,36,4,23,4,20,29,36,4,24,4,22,29,36,4,25,4,13,29,4,30,30,2,37,0,4,31,28,37,2,27,36,4,5,4,13,29,36,4,2,4,48,29,36,4,8,4,13,29,36,4,10,4,6,29,36,4,12,4,6,29,36,4,14,4,40,29,36,4,1,4,26,29,36,4,16,4,15,29,4,30,30,2,15,15,29,37,0,4,31,37,0,4,31,28,37,4,4,33,28,26,13,4,5,9,29,7,34,4,35,28,4,50,30,1,34,1,49,0,49,1,49,2,32,0,3,31,1},P={},U={{1,9},{1,59},{1,1},{1,7},{1,8},{1,81},{1,83},{1,84},{1,85}},nParams=0},{K={12,144,3,2,9,"_c",7,49,"Text",1,1564,1646,1648,4,1643,5,1552,6,122,1657,8,1653,1661,10,1651,11,13,1566,14,15,1652,16,17,18,19,1560,90,"CFrame","_a","task","wait",0.8,0,56,47,35,1659,1565,1561,1650,1645,1654,1640,46,53,54,50,59,57,0.6,225,100,"tick","pcall","_d","_e","_b",1632,1641,1563,1554,45,41,1634,1644,1567,63,52,60,51,40,55,0.5},C={4,0,4,0,11,4,1,16,36,33,14,34,1,2,33,1485,4,2,4,3,14,4,4,16,36,33,34,34,1,37,0,4,5,28,33,1460,4,6,4,6,11,4,7,16,36,33,54,34,1,37,1,30,0,24,33,636,37,2,4,8,37,3,27,36,4,9,4,10,29,36,4,3,4,11,29,36,4,2,4,12,29,36,4,13,4,14,29,36,4,15,4,16,29,36,4,17,4,18,29,36,4,6,4,19,29,36,4,20,4,21,29,36,4,4,4,22,29,36,4,23,4,24,29,36,4,25,4,18,29,36,4,0,4,22,29,36,4,26,4,27,29,36,4,28,4,22,29,36,4,29,4,30,29,36,4,31,4,12,29,36,4,32,4,14,29,36,4,33,4,22,29,36,4,34,4,35,29,4,36,30,2,29,37,4,4,37,37,5,4,38,28,29,7,39,4,40,28,4,41,30,1,34,1,4,42,6,0,27,36,4,9,37,3,27,36,4,9,4,43,29,36,4,3,4,44,29,36,4,2,4,45,29,4,36,30,2,29,36,4,3,37,3,27,36,4,9,4,11,29,36,4,3,4,14,29,36,4,2,4,22,29,36,4,13,4,46,29,4,36,30,2,29,36,4,2,37,3,27,36,4,9,4,22,29,36,4,3,4,21,29,36,4,2,4,22,29,36,4,13,4,24,29,4,36,30,2,29,36,4,13,37,3,27,36,4,9,4,19,29,36,4,3,4,21,29,36,4,2,4,22,29,36,4,13,4,24,29,4,36,30,2,29,36,4,15,37,3,27,36,4,9,4,22,29,36,4,3,4,30,29,36,4,2,4,12,29,36,4,13,4,14,29,36,4,15,4,22,29,36,4,17,4,35,29,4,36,30,2,29,36,4,17,37,3,27,36,4,9,4,47,29,36,4,3,4,48,29,36,4,2,4,14,29,4,36,30,2,29,36,4,6,37,3,27,36,4,9,4,49,29,36,4,3,4,50,29,36,4,2,4,22,29,36,4,13,4,35,29,36,4,15,4,24,29,4,36,30,2,29,36,4,20,37,3,27,36,4,9,4,51,29,36,4,3,4,47,29,36,4,2,4,22,29,36,4,13,4,52,29,4,36,30,2,29,36,4,4,37,3,27,36,4,9,4,53,29,36,4,3,4,54,29,36,4,2,4,54,29,36,4,13,4,55,29,4,36,30,2,29,46,37,3,27,36,4,9,4,56,29,36,4,3,4,57,29,36,4,2,4,58,29,36,4,13,4,7,29,4,36,39,2,-1,50,10,6,1,4,9,4,9,9,4,3,16,36,33,604,34,1,37,0,4,5,28,36,33,594,34,1,37,1,30,0,24,36,33,604,34,1,5,0,4,17,18,33,634,37,6,5,1,30,1,34,1,7,39,4,40,28,4,59,30,1,34,1,5,0,4,59,9,6,0,32,566,32,636,4,29,4,29,11,4,60,16,36,33,655,34,1,37,0,4,5,28,24,33,661,32,1471,32,661,37,7,30,0,6,2,4,61,4,6,13,4,3,16,36,33,692,34,1,5,2,36,33,692,34,1,37,0,4,5,28,33,1458,7,62,30,0,6,3,4,0,4,0,11,4,1,16,36,33,742,34,1,37,0,4,5,28,36,33,727,34,1,37,8,30,0,36,33,742,34,1,7,62,30,0,5,3,10,4,31,18,33,768,7,63,37,9,30,1,34,1,7,39,4,40,28,37,0,4,64,28,30,1,34,1,32,700,37,0,4,65,37,0,4,65,28,37,5,4,66,28,26,13,4,9,9,29,37,2,4,8,37,3,27,36,4,9,4,10,29,36,4,3,4,67,29,36,4,2,4,68,29,36,4,13,4,27,29,36,4,15,4,18,29,36,4,17,4,22,29,36,4,6,4,27,29,36,4,20,4,69,29,36,4,4,4,27,29,36,4,23,4,70,29,36,4,25,4,68,29,4,36,30,2,29,37,4,4,37,37,5,4,38,28,29,7,39,4,40,28,4,41,30,1,34,1,4,42,6,4,27,36,4,9,37,3,27,36,4,9,4,71,29,36,4,3,4,57,29,36,4,2,4,72,29,36,4,13,4,56,29,4,36,30,2,29,36,4,3,37,3,27,36,4,9,4,67,29,36,4,3,4,68,29,36,4,2,4,16,29,36,4,13,4,27,29,4,36,30,2,29,36,4,2,37,3,27,36,4,9,4,12,29,36,4,3,4,67,29,36,4,2,4,68,29,36,4,13,4,16,29,36,4,15,4,27,29,4,36,30,2,29,36,4,13,37,3,27,36,4,9,4,67,29,36,4,3,4,68,29,36,4,2,4,27,29,4,36,30,2,29,36,4,15,37,3,27,36,4,9,4,12,29,36,4,3,4,10,29,36,4,2,4,73,29,36,4,13,4,16,29,36,4,15,4,69,29,4,36,30,2,29,36,4,17,37,3,27,36,4,9,4,12,29,36,4,3,4,19,29,36,4,2,4,48,29,36,4,13,4,16,29,36,4,15,4,21,29,4,36,30,2,29,36,4,6,37,3,27,36,4,9,4,12,29,36,4,3,4,49,29,36,4,2,4,16,29,36,4,13,4,16,29,36,4,15,4,74,29,4,36,30,2,29,36,4,20,37,3,27,36,4,9,4,19,29,36,4,3,4,75,29,36,4,2,4,70,29,36,4,13,4,22,29,36,4,15,4,27,29,4,36,30,2,29,36,4,4,37,3,27,36,4,9,4,22,29,36,4,3,4,27,29,36,4,2,4,22,29,36,4,13,4,75,29,36,4,15,4,70,29,36,4,17,4,22,29,36,4,6,4,27,29,4,36,30,2,29,36,4,23,37,3,27,36,4,9,4,22,29,36,4,3,4,27,29,36,4,2,4,19,29,36,4,13,4,75,29,36,4,15,4,70,29,36,4,17,4,22,29,36,4,6,4,27,29,4,36,30,2,29,36,4,25,37,3,27,36,4,9,4,58,29,36,4,3,4,55,29,36,4,2,4,76,29,36,4,13,4,57,29,36,4,15,4,77,29,4,36,30,2,29,46,37,3,27,36,4,9,4,58,29,36,4,3,4,54,29,36,4,2,4,77,29,36,4,13,4,78,29,36,4,15,4,79,29,36,4,17,4,80,29,36,4,6,4,81,29,4,36,39,2,-1,50,12,6,5,4,2,4,3,14,4,4,16,36,33,1426,34,1,37,0,4,5,28,36,33,1426,34,1,5,4,4,17,18,33,1456,37,6,5,5,30,1,34,1,7,39,4,40,28,4,59,30,1,34,1,5,4,4,59,9,6,4,32,1398,32,1458,32,1460,7,39,4,40,28,4,82,30,1,34,1,49,0,49,1,49,2,49,3,49,4,49,5,32,0,31,0},P={},U={{1,9},{1,81},{1,59},{1,1},{1,7},{1,8},{1,82},{1,88},{1,86},{1,87}},nParams=0},{K={"game","GetService",1,18,2,46,3,4,42,5,9,6,63,7,40,8,44,51,10,57,11,90,15,41,19,52,47,12,13,14,16,50,96,117,59,35,116,62,17,20,53,21,22,23,24,25,26,55,27,28,29,30,31,32,45,33,34,56,36,37,38,49,39,107,111,43,104,99,108,48,105,98,110,54,106,109,58,60,61,64,65,66,67,68,69,70,71,72,73,74,75,76,77,78,79,0,80,81,82,83,84,85,86,87,88,89,91,92,93,94,95,97,100,101,102,103,112,113,114,115,118,119,120,121,122,123,124,125,126,127,128,"tick","task","wait",225},C={46,7,0,36,4,1,28,51,37,0,27,36,4,2,4,3,29,36,4,4,4,5,29,36,4,6,4,5,29,36,4,7,4,8,29,36,4,9,4,10,29,36,4,11,4,12,29,36,4,13,4,14,29,36,4,15,4,16,29,36,4,10,4,17,29,36,4,18,4,19,29,36,4,20,4,12,29,4,21,39,2,-1,47,1,6,0,46,7,0,36,4,1,28,51,37,0,27,36,4,2,4,22,29,36,4,4,4,23,29,36,4,6,4,12,29,36,4,7,4,14,29,36,4,9,4,24,29,36,4,11,4,25,29,36,4,13,4,8,29,36,4,15,4,26,29,36,4,10,4,5,29,36,4,18,4,10,29,36,4,20,4,12,29,36,4,27,4,14,29,36,4,28,4,16,29,36,4,29,4,17,29,36,4,22,4,19,29,36,4,30,4,12,29,4,21,39,2,-1,47,1,6,1,37,1,6,2,37,0,27,36,4,2,4,31,29,36,4,4,4,5,29,36,4,6,4,5,29,36,4,7,4,8,29,36,4,9,4,23,29,36,4,11,4,32,29,36,4,13,4,33,29,36,4,15,4,33,29,36,4,10,4,19,29,36,4,18,4,34,29,36,4,20,4,25,29,36,4,27,4,34,29,36,4,28,4,14,29,36,4,29,4,35,29,36,4,22,4,36,29,36,4,30,4,37,29,36,4,38,4,17,29,36,4,3,4,23,29,36,4,24,4,19,29,36,4,39,4,40,29,36,4,41,4,14,29,36,4,42,4,37,29,36,4,43,4,36,29,36,4,44,4,19,29,36,4,45,4,40,29,36,4,46,4,47,29,36,4,48,4,33,29,36,4,49,4,34,29,36,4,50,4,8,29,36,4,51,4,17,29,36,4,52,4,33,29,36,4,53,4,54,29,36,4,55,4,12,29,36,4,56,4,57,29,36,4,35,4,31,29,36,4,58,4,40,29,36,4,59,4,40,29,36,4,60,4,61,29,36,4,62,4,23,29,36,4,14,4,33,29,36,4,23,4,63,29,36,4,8,4,64,29,36,4,65,4,64,29,36,4,16,4,66,29,36,4,54,4,67,29,36,4,5,4,67,29,36,4,26,4,68,29,36,4,69,4,64,29,36,4,61,4,64,29,36,4,31,4,67,29,36,4,17,4,70,29,36,4,25,4,71,29,36,4,40,4,72,29,36,4,73,4,70,29,36,4,47,4,64,29,36,4,57,4,74,29,36,4,19,4,75,29,36,4,76,4,66,29,36,4,34,4,74,29,36,4,77,4,33,29,36,4,78,4,77,29,36,4,37,4,66,29,36,4,12,4,37,29,36,4,79,4,39,29,36,4,80,4,37,29,36,4,81,4,63,29,36,4,82,4,74,29,36,4,83,4,12,29,36,4,84,4,27,29,36,4,85,4,69,29,36,4,86,4,34,29,36,4,87,4,77,29,36,4,88,4,26,29,36,4,89,4,50,29,36,4,90,4,44,29,36,4,91,4,68,29,36,4,92,4,41,29,36,4,93,4,72,29,36,4,94,4,95,29,36,4,96,4,9,29,36,4,97,4,51,29,36,4,98,4,70,29,36,4,99,4,66,29,36,4,100,4,16,29,36,4,101,4,77,29,36,4,102,4,14,29,36,4,103,4,39,29,36,4,104,4,47,29,36,4,105,4,34,29,36,4,21,4,42,29,36,4,106,4,40,29,36,4,107,4,47,29,36,4,108,4,27,29,36,4,109,4,48,29,36,4,110,4,54,29,36,4,32,4,15,29,36,4,111,4,71,29,36,4,71,4,63,29,36,4,67,4,57,29,36,4,112,4,61,29,36,4,113,4,67,29,36,4,114,4,34,29,36,4,115,4,65,29,36,4,66,4,22,29,36,4,70,4,61,29,36,4,74,4,70,29,36,4,63,4,16,29,36,4,68,4,47,29,36,4,75,4,37,29,36,4,72,4,20,29,36,4,64,4,9,29,36,4,116,4,12,29,36,4,117,4,66,29,36,4,118,4,24,29,36,4,119,4,40,29,36,4,36,4,50,29,36,4,33,4,20,29,36,4,120,4,49,29,36,4,121,4,39,29,36,4,122,4,49,29,36,4,123,4,30,29,36,4,124,4,18,29,36,4,125,4,31,29,36,4,126,4,16,29,36,4,127,4,72,29,36,4,128,4,12,29,36,4,129,4,71,29,36,4,130,4,54,29,4,21,30,2,6,3,4,77,6,4,1,6,5,35,1,6,6,35,2,6,7,35,3,6,8,35,4,6,9,35,5,6,10,35,6,6,11,35,7,6,12,35,8,6,13,35,9,6,14,35,10,6,15,35,11,6,16,35,12,6,17,5,8,30,0,6,18,7,131,30,0,6,19,4,95,6,20,46,5,16,5,15,4,95,2,4,95,5,18,39,4,-1,47,1,6,5,4,2,4,2,9,4,4,16,36,33,1089,34,1,5,5,24,33,1123,7,132,4,133,28,4,4,30,1,34,1,46,5,16,5,15,4,95,2,4,95,5,18,39,4,-1,47,1,6,5,32,1123,4,22,4,22,11,4,134,16,36,33,1137,34,1,2,33,1233,7,132,4,133,28,5,4,30,1,34,1,5,20,4,2,9,6,20,5,8,39,0,1,6,18,4,112,4,13,13,4,4,16,36,33,1179,34,1,5,5,33,1207,46,5,17,5,15,7,131,30,0,5,19,10,3,5,20,5,18,39,4,-1,47,1,34,1,32,1231,46,5,16,5,15,7,131,30,0,5,19,10,2,5,20,5,18,39,4,-1,47,1,6,5,32,1123,31,0},P={{K={"syn","request","http","http_request",7,49,"pcall",1,2},C={7,0,36,33,12,34,1,7,0,4,1,28,36,24,33,30,34,1,7,2,36,33,30,34,1,7,2,4,1,28,36,24,33,38,34,1,7,3,36,24,33,46,34,1,7,1,6,1,4,4,4,4,11,4,5,16,36,33,64,34,1,5,1,24,33,71,1,31,1,32,71,7,6,35,1,39,1,2,6,3,6,2,4,7,4,7,9,4,8,16,36,33,97,34,1,5,2,33,105,5,3,31,1,32,105,1,31,1},P={{K={},C={37,0,37,1,39,1,-1,31,-1},P={},U={{1,1},{1,0}},nParams=0}},U=nil,nParams=1},{K={"Url","Method",1,29,2,31,3,14,90,15,225,"Body","pcall",100,7,"users","os","time","pairs",12,144},C={37,0,27,36,4,0,37,1,29,36,4,1,37,2,27,36,4,2,4,3,29,36,4,4,4,5,29,36,4,6,4,7,29,4,8,30,2,29,30,1,6,0,4,9,4,9,11,4,10,16,36,33,70,34,1,5,0,24,36,24,33,70,34,1,5,0,4,11,28,24,33,77,27,31,1,32,77,7,12,35,1,39,1,2,6,2,6,1,4,13,4,14,13,4,4,16,36,33,125,34,1,5,1,24,36,24,33,113,34,1,5,2,24,36,24,33,125,34,1,5,2,4,15,28,24,33,132,27,31,1,32,132,7,16,4,17,28,30,0,6,3,27,6,4,7,18,5,2,4,15,28,39,1,3,6,7,6,6,6,5,56,5,6,7,49,8,49,9,5,5,5,6,5,7,39,2,2,6,9,6,8,5,8,6,7,5,8,1,17,33,225,4,19,4,19,11,4,20,16,36,33,212,34,1,5,3,5,9,10,37,4,19,33,223,5,4,5,8,5,9,29,32,223,32,164,5,4,31,1},P={{K={"JSONDecode","Body"},C={37,0,36,4,0,28,51,37,1,4,1,28,39,2,-1,31,-1},P={},U={{0,3},{1,0}},nParams=0}},U={{1,6},{0,2},{0,0},{1,0},{0,3}},nParams=0},{K={"os","time","tostring","UserId",0,"pairs",1,"pcall"},C={7,0,4,1,28,30,0,6,0,37,0,30,0,6,1,5,1,7,2,37,1,4,3,28,30,1,5,0,29,4,4,6,2,7,5,5,1,39,1,3,6,5,6,4,6,3,56,3,4,5,49,6,5,3,5,4,5,5,39,2,1,6,6,5,6,6,5,5,6,1,17,33,82,5,2,4,6,9,6,2,32,50,7,7,35,1,30,1,34,1,5,2,31,1},P={{K={"Url","Method",1,10,2,15,3,14,90,"Headers",25,53,52,4,46,5,63,6,7,8,119,9,35,11,42,12,59,54,51,57,117,13,48,41,16,"Body","JSONEncode","users"},C={37,0,27,36,4,0,37,1,29,36,4,1,37,2,27,36,4,2,4,3,29,36,4,4,4,5,29,36,4,6,4,7,29,4,8,30,2,29,36,4,9,27,36,37,2,27,36,4,2,4,10,29,36,4,4,4,11,29,36,4,6,4,12,29,36,4,13,4,14,29,36,4,15,4,16,29,36,4,17,4,12,29,36,4,18,4,14,29,36,4,19,4,20,29,36,4,21,4,7,29,36,4,3,4,22,29,36,4,23,4,24,29,36,4,25,4,16,29,4,8,30,2,37,2,27,36,4,2,4,26,29,36,4,4,4,24,29,36,4,6,4,24,29,36,4,13,4,27,29,36,4,15,4,28,29,36,4,17,4,29,29,36,4,18,4,26,29,36,4,19,4,14,29,36,4,21,4,28,29,36,4,3,4,11,29,36,4,23,4,12,29,36,4,25,4,30,29,36,4,31,4,32,29,36,4,7,4,33,29,36,4,5,4,11,29,36,4,34,4,12,29,4,8,30,2,29,29,36,4,35,37,3,36,4,36,28,51,27,36,4,37,37,4,29,30,2,29,30,1,34,1,31,0},P={},U={{0,2},{0,3},{0,4},{0,5},{1,1}},nParams=0}},U={{1,7},{1,2},{1,6},{0,2},{0,0},{1,0}},nParams=0},{K={"Url",1,50,2,46,3,4,42,5,41,6,96,7,117,8,9,61,10,59,11,55,12,63,13,14,116,15,40,16,53,17,56,18,54,19,20,34,21,22,57,23,24,25,26,44,27,107,28,29,30,31,32,33,35,36,47,37,38,39,51,43,119,45,48,49,62,52,101,58,60,64,65,66,103,90,"tostring","Method","Body","pcall","name",122},C={37,0,27,36,4,0,37,1,27,36,4,1,4,2,29,36,4,3,4,4,29,36,4,5,4,4,29,36,4,6,4,7,29,36,4,8,4,9,29,36,4,10,4,11,29,36,4,12,4,13,29,36,4,14,4,13,29,36,4,15,4,16,29,36,4,17,4,18,29,36,4,19,4,20,29,36,4,21,4,22,29,36,4,23,4,9,29,36,4,24,4,25,29,36,4,26,4,27,29,36,4,28,4,29,29,36,4,30,4,31,29,36,4,32,4,33,29,36,4,34,4,29,29,36,4,35,4,36,29,36,4,37,4,25,29,36,4,38,4,39,29,36,4,40,4,29,29,36,4,41,4,20,29,36,4,42,4,13,29,36,4,43,4,44,29,36,4,45,4,46,29,36,4,47,4,13,29,36,4,48,4,16,29,36,4,49,4,18,29,36,4,50,4,20,29,36,4,51,4,22,29,36,4,52,4,9,29,36,4,36,4,13,29,36,4,53,4,20,29,36,4,54,4,55,29,36,4,56,4,33,29,36,4,57,4,4,29,36,4,58,4,59,29,36,4,27,4,16,29,36,4,9,4,22,29,36,4,7,4,4,29,36,4,60,4,61,29,36,4,44,4,7,29,36,4,62,4,33,29,36,4,4,4,18,29,36,4,55,4,39,29,36,4,63,4,22,29,36,4,64,4,61,29,36,4,2,4,65,29,36,4,59,4,22,29,36,4,66,4,4,29,36,4,29,4,18,29,36,4,33,4,59,29,36,4,20,4,33,29,36,4,31,4,9,29,36,4,39,4,67,29,36,4,68,4,7,29,36,4,18,4,33,29,36,4,69,4,18,29,36,4,16,4,39,29,36,4,65,4,22,29,36,4,22,4,34,29,36,4,70,4,65,29,36,4,71,4,9,29,36,4,72,4,73,29,4,74,30,2,7,75,5,0,30,1,15,29,36,4,76,37,1,27,36,4,1,4,48,29,36,4,3,4,50,29,36,4,5,4,24,29,4,74,30,2,29,30,1,6,1,4,5,4,3,14,4,15,16,36,33,475,34,1,5,1,36,33,475,34,1,5,1,4,77,28,33,549,7,78,35,1,39,1,2,6,3,6,2,4,12,4,12,11,4,64,16,36,33,533,34,1,5,2,36,33,510,34,1,5,3,36,33,520,34,1,5,3,4,1,28,36,33,533,34,1,5,3,4,1,28,4,79,28,33,547,5,3,4,1,28,4,79,28,31,1,32,547,32,549,37,1,27,36,4,1,4,17,29,36,4,3,4,33,29,36,4,5,4,18,29,36,4,6,4,39,29,36,4,8,4,22,29,36,4,10,4,80,29,4,74,30,2,7,75,5,0,30,1,15,31,1},P={{K={"JSONDecode","Body"},C={37,0,36,4,0,28,51,37,1,4,1,28,39,2,-1,31,-1},P={},U={{0,2},{1,1}},nParams=0}},U={{1,6},{0,0},{1,0}},nParams=1},{K={"identifyexecutor",1,15,2,52,3,49,4,5,53,6,45,7,90},C={7,0,36,33,11,34,1,7,0,30,0,36,24,33,66,34,1,37,0,27,36,4,1,4,2,29,36,4,3,4,4,29,36,4,5,4,6,29,36,4,7,4,4,29,36,4,8,4,9,29,36,4,10,4,11,29,36,4,12,4,4,29,4,13,30,2,31,1},P={},U={{0,0}},nParams=0},{K={"workspace","CurrentCamera",1,2,"math","floor","ViewportSize","X",34,90,"Y",15,52,3,49,4,5,53,6,45,7},C={7,0,4,1,28,6,0,4,2,4,2,9,4,3,16,36,33,22,34,1,5,0,33,73,7,4,4,5,28,5,0,4,6,28,4,7,28,30,1,37,0,27,36,4,2,4,8,29,4,9,30,2,7,4,4,5,28,5,0,4,6,28,4,10,28,30,1,15,15,31,1,32,73,37,0,27,36,4,2,4,11,29,36,4,3,4,12,29,36,4,13,4,14,29,36,4,15,4,12,29,36,4,16,4,17,29,36,4,18,4,19,29,36,4,20,4,12,29,4,9,39,2,-1,31,-1},P={},U={{0,0}},nParams=0},{K={15,225,"TouchEnabled","KeyboardEnabled",1,14,2,53,3,47,4,57,5,50,6,122,7,113,8,9,17,10,63,11,35,12,56,13,59,40,16,62,90,100,23,51,54,144,"GamepadEnabled",29,55,42,41,52,49,45},C={4,0,4,0,11,4,1,16,36,33,28,34,1,37,0,4,2,28,36,33,28,34,1,37,0,4,3,28,33,138,37,1,27,36,4,4,4,5,29,36,4,6,4,7,29,36,4,8,4,9,29,36,4,10,4,11,29,36,4,12,4,13,29,36,4,14,4,15,29,36,4,16,4,17,29,36,4,18,4,15,29,36,4,19,4,20,29,36,4,21,4,22,29,36,4,23,4,24,29,36,4,25,4,26,29,36,4,27,4,7,29,36,4,5,4,28,29,36,4,0,4,29,29,36,4,30,4,31,29,4,32,39,2,-1,31,-1,32,444,4,33,4,16,13,4,6,16,36,33,156,34,1,37,0,4,2,28,33,242,37,1,27,36,4,4,4,34,29,36,4,6,4,7,29,36,4,8,4,26,29,36,4,10,4,35,29,36,4,12,4,36,29,36,4,14,4,22,29,36,4,16,4,15,29,36,4,18,4,5,29,36,4,19,4,7,29,36,4,21,4,9,29,36,4,23,4,11,29,36,4,25,4,13,29,4,32,39,2,-1,31,-1,32,444,4,25,4,25,11,4,37,16,36,33,260,34,1,37,0,4,38,28,33,316,37,1,27,36,4,4,4,39,29,36,4,6,4,28,29,36,4,8,4,40,29,36,4,10,4,22,29,36,4,12,4,41,29,36,4,14,4,28,29,36,4,16,4,31,29,4,32,39,2,-1,31,-1,32,444,4,8,4,6,14,4,19,16,36,33,334,34,1,37,0,4,3,28,33,444,37,1,27,36,4,4,4,20,29,36,4,6,4,22,29,36,4,8,4,24,29,36,4,10,4,26,29,36,4,12,4,7,29,36,4,14,4,28,29,36,4,16,4,29,29,36,4,18,4,31,29,36,4,19,4,15,29,36,4,21,4,17,29,36,4,23,4,15,29,36,4,25,4,34,29,36,4,27,4,7,29,36,4,5,4,9,29,36,4,0,4,42,29,36,4,30,4,22,29,4,32,39,2,-1,31,-1,32,444,37,1,27,36,4,4,4,0,29,36,4,6,4,43,29,36,4,8,4,44,29,36,4,10,4,43,29,36,4,12,4,7,29,36,4,14,4,45,29,36,4,16,4,43,29,4,32,39,2,-1,31,-1},P={},U={{1,1},{0,0}},nParams=0},{K={"pcall",7,49,"tostring",1,122,2,55,3,41,90,15,52,4,5,53,6,45},C={7,0,35,1,39,1,2,6,1,6,0,4,1,4,1,11,4,2,16,36,33,33,34,1,5,0,36,33,33,34,1,5,1,33,71,7,3,5,1,30,1,37,1,27,36,4,4,4,5,29,36,4,6,4,7,29,36,4,8,4,9,29,4,10,30,2,15,31,1,32,71,37,1,27,36,4,4,4,11,29,36,4,6,4,12,29,36,4,8,4,2,29,36,4,13,4,12,29,36,4,14,4,15,29,36,4,16,4,17,29,36,4,1,4,12,29,4,10,39,2,-1,31,-1},P={{K={"math","floor","GetNetworkPing",1000},C={7,0,4,1,28,37,0,36,4,2,28,51,30,1,4,3,11,39,1,-1,31,-1},P={},U={{0,0}},nParams=0}},U={{1,2},{0,0}},nParams=0},{K={"math","floor",60,1,2,0,"string","format",127,62,3,50,4,122,5,6,7,55,8,9,10,11,41,90,15,225},C={7,0,4,1,28,5,0,4,2,12,30,1,6,1,7,0,4,1,28,5,0,4,2,13,30,1,6,2,7,0,4,1,28,5,1,4,2,12,30,1,6,3,5,1,4,2,13,6,1,4,3,4,3,9,4,4,16,36,33,67,34,1,5,3,4,5,20,33,160,7,6,4,7,28,37,0,27,36,4,3,4,8,29,36,4,4,4,9,29,36,4,10,4,11,29,36,4,12,4,13,29,36,4,14,4,8,29,36,4,15,4,9,29,36,4,16,4,17,29,36,4,18,4,13,29,36,4,19,4,8,29,36,4,20,4,9,29,36,4,21,4,22,29,4,23,30,2,5,3,5,1,5,2,39,4,-1,31,-1,32,282,4,24,4,24,11,4,25,16,36,33,178,34,1,5,1,4,5,20,33,245,7,6,4,7,28,37,0,27,36,4,3,4,8,29,36,4,4,4,9,29,36,4,10,4,17,29,36,4,12,4,13,29,36,4,14,4,8,29,36,4,15,4,9,29,36,4,16,4,22,29,4,23,30,2,5,1,5,2,39,3,-1,31,-1,32,282,7,6,4,7,28,37,0,27,36,4,3,4,8,29,36,4,4,4,9,29,36,4,10,4,22,29,4,23,30,2,5,2,39,2,-1,31,-1,31,0},P={},U={{0,0}},nParams=1},{K={"game","PrivateServerId","",1,1652,2,1661,3,1647,90,1635,1567,100,7,1566,4,1650,5,122,6,1646,1632,8,1547,9,10,11,45,12,63,13,14,50,15,47,16,56,65280,8270,114,115,3447003,"embeds","title","color","description",55399,56383,112,1657,1564,17,18,1645,19,1552,20,21,22,23,24,1656,25,26,96,27,28,58,"tostring","thumbnail","url",46,42,41,117,116,40,53,54,34,57,55,59,62,29,30,31,32,119,33,35,36,37,38,52,39,51,43,44,61,48,101,49,103,"UserId",124,110,104,106,60,"fields","name","value","DisplayName","inline","Name","AccountAge","PlaceId","GetPlayers","MaxPlayers","footer","text",8312,1648,1655,1653,1649,1643,1560,"os","date",127,"timestamp",123,0},C={7,0,4,1,28,4,2,17,36,33,38,34,1,37,0,27,36,4,3,4,4,29,36,4,5,4,6,29,36,4,7,4,8,29,4,9,30,2,36,24,33,69,34,1,37,0,27,36,4,3,4,10,29,36,4,5,4,6,29,36,4,7,4,11,29,4,9,30,2,6,4,1,6,5,1,6,6,4,12,4,13,13,4,5,16,36,33,92,34,1,5,1,33,206,37,0,27,36,4,3,4,14,29,36,4,5,4,6,29,36,4,7,4,10,29,36,4,15,4,16,29,36,4,17,4,18,29,36,4,19,4,20,29,36,4,13,4,21,29,36,4,22,4,23,29,36,4,24,4,14,29,36,4,25,4,18,29,36,4,26,4,27,29,36,4,28,4,29,29,36,4,30,4,18,29,36,4,31,4,32,29,36,4,33,4,34,29,36,4,35,4,36,29,4,9,39,2,1,6,5,4,37,6,6,32,330,37,0,27,36,4,3,4,27,29,36,4,5,4,29,29,36,4,7,4,18,29,36,4,15,4,32,29,36,4,17,4,34,29,36,4,19,4,36,29,36,4,13,4,18,29,36,4,22,4,38,29,36,4,24,4,18,29,36,4,25,4,20,29,36,4,26,4,21,29,36,4,28,4,6,29,36,4,30,4,14,29,36,4,31,4,18,29,36,4,33,4,39,29,4,9,30,2,37,1,5,0,30,1,37,0,27,36,4,3,4,40,29,4,9,30,2,15,15,6,5,4,41,6,6,27,36,4,42,27,36,4,3,27,36,4,43,5,5,29,36,4,44,5,6,29,36,4,45,37,0,27,36,4,3,4,46,29,36,4,5,4,47,29,36,4,7,4,18,29,36,4,15,4,48,29,36,4,17,4,48,29,36,4,19,4,6,29,36,4,13,4,14,29,36,4,22,4,49,29,36,4,24,4,20,29,36,4,25,4,4,29,36,4,26,4,6,29,36,4,28,4,8,29,36,4,30,4,18,29,36,4,31,4,6,29,36,4,33,4,14,29,36,4,35,4,50,29,36,4,51,4,20,29,36,4,52,4,53,29,36,4,54,4,55,29,36,4,56,4,50,29,36,4,57,4,18,29,36,4,58,4,6,29,36,4,59,4,14,29,36,4,60,4,61,29,36,4,62,4,50,29,36,4,63,4,64,29,36,4,65,4,18,29,36,4,66,4,67,29,4,9,30,2,7,68,5,3,30,1,37,0,27,36,4,3,4,67,29,36,4,5,4,48,29,36,4,7,4,48,29,4,9,30,2,15,15,29,36,4,69,27,36,4,70,37,0,27,36,4,3,4,32,29,36,4,5,4,71,29,36,4,7,4,71,29,36,4,15,4,72,29,36,4,17,4,73,29,36,4,19,4,64,29,36,4,13,4,74,29,36,4,22,4,74,29,36,4,24,4,27,29,36,4,25,4,27,29,36,4,26,4,27,29,36,4,28,4,75,29,36,4,30,4,76,29,36,4,31,4,77,29,36,4,33,4,36,29,36,4,35,4,78,29,36,4,51,4,77,29,36,4,52,4,79,29,36,4,54,4,75,29,36,4,56,4,80,29,36,4,57,4,77,29,36,4,58,4,81,29,36,4,59,4,74,29,36,4,60,4,32,29,36,4,62,4,29,29,36,4,63,4,82,29,36,4,65,4,83,29,36,4,66,4,73,29,36,4,84,4,32,29,36,4,85,4,77,29,36,4,86,4,71,29,36,4,87,4,88,29,36,4,89,4,71,29,36,4,79,4,32,29,36,4,90,4,34,29,36,4,91,4,81,29,36,4,92,4,36,29,36,4,93,4,94,29,36,4,95,4,82,29,36,4,76,4,96,29,36,4,73,4,78,29,36,4,72,4,74,29,36,4,97,4,96,29,36,4,98,4,81,29,36,4,27,4,82,29,36,4,71,4,99,29,36,4,34,4,29,29,36,4,100,4,101,29,36,4,102,4,34,29,36,4,32,4,73,29,36,4,96,4,29,29,36,4,94,4,76,29,36,4,77,4,54,29,36,4,78,4,83,29,36,4,81,4,103,29,4,9,30,2,37,2,4,104,28,37,0,27,36,4,3,4,105,29,36,4,5,4,27,29,36,4,7,4,96,29,36,4,15,4,83,29,36,4,17,4,71,29,36,4,19,4,32,29,36,4,13,4,103,29,36,4,22,4,106,29,36,4,24,4,107,29,36,4,25,4,108,29,36,4,26,4,105,29,36,4,28,4,32,29,36,4,30,4,29,29,36,4,31,4,96,29,36,4,33,4,99,29,36,4,35,4,32,29,36,4,51,4,71,29,36,4,52,4,103,29,36,4,54,4,106,29,36,4,56,4,107,29,36,4,57,4,108,29,36,4,58,4,105,29,36,4,59,4,109,29,36,4,60,4,77,29,36,4,62,4,76,29,36,4,63,4,81,29,36,4,65,4,82,29,36,4,66,4,71,29,36,4,84,4,103,29,36,4,85,4,72,29,36,4,86,4,94,29,36,4,87,4,99,29,4,9,30,2,15,15,29,29,36,4,110,27,36,4,3,27,36,4,111,37,0,27,36,4,3,4,85,29,36,4,5,4,96,29,36,4,7,4,73,29,36,4,15,4,72,29,36,4,17,4,78,29,36,4,19,4,82,29,36,4,13,4,90,29,36,4,22,4,18,29,36,4,24,4,56,29,36,4,25,4,82,29,36,4,26,4,81,29,36,4,28,4,29,29,4,9,30,2,29,36,4,112,7,68,37,2,4,113,28,30,1,29,36,4,114,2,29,29,36,4,5,27,36,4,111,37,0,27,36,4,3,4,33,29,36,4,5,4,73,29,36,4,7,4,29,29,36,4,15,4,76,29,36,4,17,4,94,29,36,4,19,4,82,29,36,4,13,4,81,29,36,4,22,4,29,29,4,9,30,2,29,36,4,112,37,0,27,36,4,3,4,63,29,4,9,30,2,7,68,37,2,4,115,28,30,1,15,29,36,4,114,2,29,29,36,4,7,27,36,4,111,37,0,27,36,4,3,4,33,29,36,4,5,4,73,29,36,4,7,4,29,29,36,4,15,4,76,29,36,4,17,4,54,29,36,4,19,4,83,29,4,9,30,2,29,36,4,112,37,0,27,36,4,3,4,67,29,4,9,30,2,7,68,37,2,4,104,28,30,1,37,0,27,36,4,3,4,67,29,4,9,30,2,15,15,29,36,4,114,2,29,29,36,4,15,27,36,4,111,37,0,27,36,4,3,4,65,29,36,4,5,4,80,29,36,4,7,4,80,29,36,4,15,4,77,29,36,4,17,4,34,29,36,4,19,4,94,29,36,4,13,4,71,29,36,4,22,4,18,29,36,4,24,4,65,29,36,4,25,4,99,29,36,4,26,4,29,29,4,9,30,2,29,36,4,112,7,68,37,2,4,116,28,30,1,37,0,27,36,4,3,4,18,29,36,4,5,4,83,29,36,4,7,4,82,29,36,4,15,4,90,29,36,4,17,4,73,29,4,9,30,2,15,29,36,4,114,2,29,29,36,4,17,27,36,4,111,37,0,27,36,4,3,4,84,29,36,4,5,4,82,29,36,4,7,4,81,29,36,4,15,4,29,29,4,9,30,2,29,36,4,112,46,7,68,37,3,7,0,4,117,28,39,1,-1,47,1,29,36,4,114,3,29,29,36,4,19,27,36,4,111,37,0,27,36,4,3,4,25,29,36,4,5,4,78,29,36,4,7,4,82,29,36,4,15,4,80,29,36,4,17,4,29,29,36,4,19,4,54,29,36,4,13,4,83,29,4,9,30,2,29,36,4,112,37,0,27,36,4,3,4,67,29,4,9,30,2,7,68,7,0,4,117,28,30,1,37,0,27,36,4,3,4,67,29,4,9,30,2,15,15,29,36,4,114,2,29,29,36,4,13,27,36,4,111,37,0,27,36,4,3,4,24,29,36,4,5,4,29,29,36,4,7,4,76,29,36,4,15,4,98,29,36,4,17,4,29,29,36,4,19,4,76,29,36,4,13,4,18,29,36,4,22,4,31,29,36,4,24,4,90,29,36,4,25,4,72,29,36,4,26,4,29,29,4,9,30,2,29,36,4,112,5,4,29,36,4,114,2,29,29,36,4,22,27,36,4,111,37,0,27,36,4,3,4,25,29,36,4,5,4,78,29,36,4,7,4,82,29,36,4,15,4,90,29,36,4,17,4,29,29,36,4,19,4,76,29,36,4,13,4,73,29,4,9,30,2,29,36,4,112,7,68,37,4,36,4,118,28,51,30,1,26,30,1,37,0,27,36,4,3,4,18,29,36,4,5,4,74,29,36,4,7,4,18,29,4,9,30,2,7,68,37,4,4,119,28,30,1,15,15,29,36,4,114,2,29,29,36,4,24,27,36,4,111,37,0,27,36,4,3,4,86,29,36,4,5,4,79,29,36,4,7,4,29,29,36,4,15,4,80,29,36,4,17,4,34,29,36,4,19,4,71,29,36,4,13,4,77,29,36,4,22,4,76,29,4,9,30,2,29,36,4,112,46,7,68,37,5,39,0,-1,47,1,29,36,4,114,2,29,29,36,4,25,27,36,4,111,37,0,27,36,4,3,4,24,29,36,4,5,4,80,29,36,4,7,4,76,29,36,4,15,4,29,29,36,4,17,4,29,29,36,4,19,4,94,29,4,9,30,2,29,36,4,112,46,7,68,37,6,39,0,-1,47,1,29,36,4,114,2,29,29,36,4,26,27,36,4,111,37,0,27,36,4,3,4,62,29,36,4,5,4,77,29,36,4,7,4,94,29,36,4,15,4,71,29,36,4,17,4,76,29,36,4,19,4,77,29,36,4,13,4,78,29,36,4,22,4,73,29,4,9,30,2,29,36,4,112,46,7,68,37,7,39,0,-1,47,1,29,36,4,114,2,29,29,36,4,28,27,36,4,111,37,0,27,36,4,3,4,25,29,36,4,5,4,96,29,36,4,7,4,94,29,36,4,15,4,99,29,4,9,30,2,29,36,4,112,46,7,68,37,8,39,0,-1,47,1,29,36,4,114,2,29,29,36,4,30,27,36,4,111,37,0,27,36,4,3,4,33,29,36,4,5,4,72,29,36,4,7,4,71,29,36,4,15,4,96,29,36,4,17,4,81,29,36,4,19,4,29,29,4,9,30,2,29,36,4,112,37,0,27,36,4,3,4,48,29,36,4,5,4,48,29,4,9,30,2,37,1,5,0,30,1,37,0,27,36,4,3,4,48,29,36,4,5,4,48,29,4,9,30,2,15,15,29,36,4,114,3,29,29,29,36,4,120,27,36,4,121,37,0,27,36,4,3,4,27,29,36,4,5,4,29,29,36,4,7,4,18,29,36,4,15,4,32,29,36,4,17,4,34,29,36,4,19,4,36,29,36,4,13,4,18,29,4,9,30,2,37,9,37,0,27,36,4,3,4,18,29,36,4,5,4,122,29,36,4,7,4,18,29,36,4,15,4,123,29,36,4,17,4,124,29,36,4,19,4,125,29,36,4,13,4,55,29,36,4,22,4,126,29,36,4,24,4,18,29,36,4,25,4,127,29,36,4,26,4,128,29,36,4,28,4,11,29,36,4,30,4,18,29,4,9,30,2,7,68,5,2,30,1,37,0,27,36,4,3,4,18,29,36,4,5,4,122,29,36,4,7,4,18,29,4,9,30,2,46,7,129,4,130,28,37,0,27,36,4,3,4,131,29,36,4,5,4,52,29,36,4,7,4,64,29,36,4,15,4,131,29,36,4,17,4,59,29,36,4,19,4,64,29,36,4,13,4,131,29,36,4,22,4,24,29,4,9,39,2,-1,47,1,15,15,15,15,15,29,29,36,4,132,46,7,129,4,130,28,37,0,27,36,4,3,4,133,29,36,4,5,4,131,29,36,4,7,4,7,29,36,4,15,4,88,29,36,4,17,4,131,29,36,4,19,4,81,29,36,4,13,4,88,29,36,4,22,4,131,29,36,4,24,4,83,29,36,4,25,4,31,29,36,4,26,4,131,29,36,4,28,4,52,29,36,4,30,4,64,29,36,4,31,4,131,29,36,4,33,4,59,29,36,4,35,4,64,29,36,4,51,4,131,29,36,4,52,4,24,29,36,4,54,4,134,29,4,9,39,2,-1,47,1,29,29,29,31,1},P={},U={{0,0},{1,14},{1,2},{1,9},{0,4},{1,10},{1,11},{1,12},{1,13},{0,5}},nParams=4},{K={"Url",1,101,2,45,3,59,4,51,5,46,6,103,7,8,40,9,47,10,63,90,"Method",21,14,"Headers",25,53,52,119,35,11,42,12,54,57,117,13,48,41,15,16,"Body","JSONEncode",144,"pcall","id"},C={37,0,27,36,4,0,37,1,37,2,27,36,4,1,4,2,29,36,4,3,4,4,29,36,4,5,4,6,29,36,4,7,4,8,29,36,4,9,4,10,29,36,4,11,4,12,29,36,4,13,4,10,29,36,4,14,4,15,29,36,4,16,4,17,29,36,4,18,4,19,29,4,20,30,2,15,29,36,4,21,37,2,27,36,4,1,4,18,29,36,4,3,4,22,29,36,4,5,4,16,29,36,4,7,4,23,29,4,20,30,2,29,36,4,24,27,36,37,2,27,36,4,1,4,25,29,36,4,3,4,26,29,36,4,5,4,27,29,36,4,7,4,10,29,36,4,9,4,19,29,36,4,11,4,27,29,36,4,13,4,10,29,36,4,14,4,28,29,36,4,16,4,23,29,36,4,18,4,29,29,36,4,30,4,31,29,36,4,32,4,19,29,4,20,30,2,37,2,27,36,4,1,4,6,29,36,4,3,4,31,29,36,4,5,4,31,29,36,4,7,4,33,29,36,4,9,4,8,29,36,4,11,4,34,29,36,4,13,4,6,29,36,4,14,4,10,29,36,4,16,4,8,29,36,4,18,4,26,29,36,4,30,4,27,29,36,4,32,4,35,29,36,4,36,4,37,29,36,4,23,4,38,29,36,4,39,4,26,29,36,4,40,4,27,29,4,20,30,2,29,29,36,4,41,37,3,36,4,42,28,51,5,0,30,2,29,30,1,6,1,4,32,4,32,11,4,43,16,36,33,345,34,1,5,1,36,33,345,34,1,5,1,4,41,28,33,403,7,44,35,1,39,1,2,6,3,6,2,4,5,4,3,14,4,16,16,36,33,390,34,1,5,2,36,33,380,34,1,5,3,36,33,390,34,1,5,3,4,45,28,33,401,5,3,4,45,28,31,1,32,401,32,403,1,31,1},P={{K={"JSONDecode","Body"},C={37,0,36,4,0,28,51,37,1,4,1,28,39,2,-1,31,-1},P={},U={{0,3},{1,1}},nParams=0}},U={{1,6},{1,3},{0,0},{1,0}},nParams=1},{K={7,49,"Url",1,117,2,55,3,63,4,41,5,6,59,61,8,9,10,90,"Method",27,14,25,18,"Headers",53,52,46,119,35,11,42,12,54,51,57,13,48,15,16,"Body","JSONEncode"},C={4,0,4,0,11,4,1,16,36,33,16,34,1,37,0,24,33,23,3,31,1,32,23,37,1,27,36,4,2,37,2,37,3,27,36,4,3,4,4,29,36,4,5,4,6,29,36,4,7,4,8,29,36,4,9,4,10,29,36,4,11,4,10,29,36,4,12,4,13,29,36,4,0,4,14,29,36,4,15,4,8,29,36,4,16,4,10,29,36,4,17,4,4,29,4,18,30,2,37,0,15,15,29,36,4,19,37,3,27,36,4,3,4,17,29,36,4,5,4,20,29,36,4,7,4,21,29,36,4,9,4,22,29,36,4,11,4,23,29,4,18,30,2,29,36,4,24,27,36,37,3,27,36,4,3,4,22,29,36,4,5,4,25,29,36,4,7,4,26,29,36,4,9,4,27,29,36,4,11,4,8,29,36,4,12,4,26,29,36,4,0,4,27,29,36,4,15,4,28,29,36,4,16,4,21,29,36,4,17,4,29,29,36,4,30,4,31,29,36,4,32,4,8,29,4,18,30,2,37,3,27,36,4,3,4,13,29,36,4,5,4,31,29,36,4,7,4,31,29,36,4,9,4,33,29,36,4,11,4,34,29,36,4,12,4,35,29,36,4,0,4,13,29,36,4,15,4,27,29,36,4,16,4,34,29,36,4,17,4,25,29,36,4,30,4,26,29,36,4,32,4,4,29,36,4,36,4,37,29,36,4,21,4,10,29,36,4,38,4,25,29,36,4,39,4,26,29,4,18,30,2,29,29,36,4,40,37,4,36,4,41,28,51,5,0,30,2,29,30,1,34,1,2,31,1},P={},U={{1,5},{1,6},{1,3},{0,0},{1,0}},nParams=1}},U={{1,1},{1,4},{1,14},{1,15},{1,2},{1,12}},nParams=0}}
local _00l2={"game","GetService",1,10,2,54,3,59,4,35,5,63,6,40,7,41,90,25,53,29,47,51,"LocalPlayer","Character","CharacterAdded","Wait","WaitForChild",18,55,52,8,62,9,11,12,46,13,14,15,16,"_a","CFrame","new",1202.3,17.4,3656.1,"_b",186.2,7.2,5346.3,612.2,8.1,112.6,1135.6,291.2,"_c","_d",0.1,"_e",99,108,50,42,96,117,57,116,17,61,19,20,27,21,22,23,24,34,109,26,45,28,44,104,30,31,48,56,32,33,180,"Instance","Name","tick","ResetOnSpawn","IgnoreGuiInset","ZIndexBehavior","Enum","Sibling","DisplayOrder",999,225,"gethui","Parent",100,"syn","protect_gui","Color3","fromRGB",150,80,255,200,140,210,195,245,130,115,165,120,110,"Size","UDim2",0,370,290,"Position",0.5,185,145,"BackgroundColor3","BorderSizePixel","Active","Draggable","CornerRadius","UDim","Color","ColorSequence","ColorSequenceKeypoint","Rotation",135,49,"Thickness","Transparency",0.15,"ApplyStrokeMode","Border","BackgroundTransparency","Text",122,"TextColor3","TextSize","Font","GothamBlack",190,240,8270,1648,1641,1654,1552,1566,1661,1653,1652,1554,"Gotham",0.85,0.075,86,0.7,102,"","PlaceholderText",1655,1645,1567,1563,1565,1564,1632,230,220,"PlaceholderColor3","ClearTextOnFocus",0.55,160,1635,1547,60,214,"GothamBold",238,1643,1650,1561,88,101,242,0.35,310,235,0.02,"Visible","TextXAlignment","Left",10188,"AutoButtonColor","MouseEnter","Connect","MouseLeave",1646,1657,78,0.6,92,1644,1560,"TextWrapped",136,10065,75,70,170,1.5,0.2,10191,0.4,"MouseButton1Click","FocusLost","task","spawn","print",38}
return _run(_00l2,_Ol03,_env,__IO4)
